관리번호,사업장명,좌표정보x(epsg5174),좌표정보y(epsg5174),영업상태명,인허가일자,폐업일자,proximity_metro_dist
3010000-101-2022-00422,매머드커피익스프레스 장충동먹자골목점,200479.632428096,451095.901955919,폐업,2022-11-28,2024-11-27,292.49144140528773
3010000-101-2016-00386,만랩커피 을지로입구역점,198217.309166924,451709.930986481,폐업,2016-12-05,2022-11-23,253.89154709089416
3010000-101-2007-00116,이디야YTN점,197504.86505106,450658.592453316,폐업,2007-04-18,2023-09-07,416.82311482333995
3010000-101-2007-00024,이디야,197786.161406551,451886.574198533,폐업,2007-01-18,2022-06-24,160.38534376902163
3100000-101-2021-00048,더 벤티,205503.7223045,461314.576462526,폐업,2021-02-03,2024-06-03,230.74915518175786
3100000-101-1997-01867,이디야 에스프레소,205430.356783465,461479.613299751,폐업,1997-04-07,2023-01-31,100.15253490283496
3100000-101-2011-00165,이디야,204772.367380466,464080.593904719,폐업,2011-07-01,2018-03-19,150.73527983958192
3100000-101-2023-00202,감성커피 노원롯데캐슬점,206799.020098051,462509.638445514,폐업,2023-07-03,2024-07-03,513.50933242656
3160000-101-2007-00206,빽다방(구로삼성IT점),190612.779366379,442662.421914354,폐업,2007-06-19,2017-03-30,643.4497104579478
3040000-101-1981-02511,이디야(중곡역점),207333.639771374,451464.267096677,폐업,1981-01-22,2023-07-25,65.94974301418611
3040000-101-2009-00208,어린이대공원역점 홍콩반점&빽다방,206322.32617093,449541.914006032,폐업,2009-07-02,2022-12-02,205.4722216382589
3040000-101-2022-00045,감성커피군자역점,206893.243768773,450355.212380878,폐업,2022-02-15,2024-11-15,195.8566517605083
3130000-101-1999-06927,이디야,193327.96005519,450134.152033878,폐업,1999-01-21,2018-08-30,393.2513561478806
3130000-101-2002-00757,이디야,191041.644341876,450459.367222629,폐업,2002-12-16,2023-12-29,867.9160401571104
3130000-101-2013-00714,이디야커피,193125.832537497,450720.602265804,폐업,2013-12-06,2023-01-17,227.85943616239027
3130000-101-2009-00346,이디야,193443.852794446,450457.094862042,폐업,2009-07-27,2022-12-02,153.16427707298786
3210000-101-2018-00345,빽다방 신사사거리지점,201626.186746896,445948.552865248,폐업,2018-08-02,2019-06-10,64.99099208899969
3210000-101-2012-00131,컴포즈커피 교대점,201389.939592064,443377.495674887,폐업,2012-04-02,2022-09-22,224.00242254848166
3210000-101-2005-00497,더벤티,201682.084788276,445350.656913916,폐업,2005-10-18,2020-06-10,159.8258802300028
3210000-101-1999-14274,"홍콩반점0410, 빽다방 강남역 서초점",202168.523433745,443992.861821658,폐업,1999-09-13,2017-11-09,197.94939961418015
3210000-101-2006-00306,이디야커피,201704.659299216,445410.827928434,폐업,2006-08-28,2018-02-19,116.6750726883986
3210000-101-1996-07033,이디야,203796.704036794,441582.10354952,폐업,1996-10-18,2016-04-21,764.6787864073159
3210000-101-2019-00019,빽다방 신논현역지점,201973.022241328,444684.700371579,폐업,2019-01-21,2019-06-10,127.80220877120257
3020000-101-2014-00133,빽다방남영역지점,197482.715568473,448876.940549786,폐업,2014-05-07,2021-06-15,198.87409248569193
3020000-101-1981-04525,이디야용산중앙점,196803.242305775,447023.962648698,폐업,1981-11-03,2024-03-07,492.96263185861477
3020000-101-1986-06308,빽다방서울역지점,197484.066786213,450200.423526439,폐업,1986-09-13,2019-03-29,103.89068990618708
3180000-101-2022-00530,더벤티 영등포구청점,190641.013239169,447188.60496999,폐업,2022-10-18,2025-04-15,196.30016202244934
3180000-101-2015-00513,매머드익스프레스남여의도점,193209.283508484,446474.956573488,폐업,2015-11-23,2020-09-02,125.36558130125579
3180000-101-2014-00356,매머드익스프레스선유도점,190558.055923606,448366.233223909,폐업,2014-09-02,2025-02-06,69.27566898521789
3180000-101-2017-00316,감성커피당산역점,190970.006584385,448119.321732582,폐업,2017-07-21,2025-02-10,337.459263576761
3180000-101-2018-00156,감성커피,192558.271784626,444233.81892942,폐업,2018-04-24,2019-10-21,310.4278079295432
3180000-101-2019-00305,감성커피영등포문래점,190107.271463999,446454.594611755,폐업,2019-07-03,2021-02-17,578.0735879656212
3180000-101-2019-00266,매머드익스프레스여의도KBS본관점,192747.419300064,447054.988337321,폐업,2019-06-12,2023-03-13,277.12631747691677
3180000-101-2019-00279,만랩커피 문래GS점,190169.524017679,446574.378587989,폐업,2019-06-19,2024-05-09,560.7691741058326
3000000-101-2013-00033,이디야커피 청계천점,198502.872319959,451859.966105804,폐업,2013-02-15,2024-03-12,145.57349831755315
3000000-101-2014-00160,만랩커피 광화문 로얄빌딩점,197662.503910553,452189.09236786,폐업,2014-05-07,2023-05-11,254.50679234180083
3000000-101-2000-11357,이디야,198681.012391136,452731.165062803,폐업,2000-06-23,2017-11-01,48.62892884081303
3000000-101-2014-00144,이디야,199783.918141466,453483.532108771,폐업,2014-04-29,2019-09-02,346.67341195909563
3000000-101-2009-00161,빽다방 대학로점,200105.158,452895.274333333,폐업,2009-05-07,2022-09-29,417.819237435044
3000000-101-2015-00241,종로구 숭인1호점 빽다방,201715.52953444,452484.380254535,폐업,2015-07-09,2020-09-10,325.93651344150607
3000000-101-1992-06474,이디야청계광장점,198119.936679056,451902.693235315,폐업,1992-06-05,2021-01-18,288.5057590020591
3030000-101-2001-06745,이디야커피(금호역점),201504.910765224,449574.878021141,폐업,2001-02-06,2021-05-27,180.53710766734181
3030000-101-2005-00054,이디야 답십리로데오점,204572.468581227,451288.717634418,폐업,2005-03-28,2024-01-30,329.09944810181776
3060000-101-2020-00063,감성커피 상봉점,207522.003991159,454614.703800827,폐업,2020-04-09,2025-04-08,159.85030210879765
3060000-101-2012-00143,매머드커피묵동자이점,206777.731391054,456837.219624564,폐업,2012-07-19,2023-03-23,356.2093923860765
3060000-101-2003-00693,이디야(중화역점),206896.700735158,455647.890887537,폐업,2003-12-19,2023-11-03,66.60476042724972
3060000-101-2004-00571,이디야,207756.246635112,453630.785194671,폐업,2004-12-03,2023-07-11,424.1988348349713
3120000-101-2013-00142,매머드커피,196828.829637637,451670.514152007,폐업,2013-06-10,2019-05-20,226.97884304147848
3120000-101-2014-00294,빽다방(서대문역점),196840.383889937,451653.87389314,폐업,2014-12-09,2021-11-18,206.94384614217964
3120000-101-2015-00134,빽다방 이대정문점,195107.690300528,450756.291896813,폐업,2015-05-13,2020-12-24,262.47333313514935
3120000-101-2019-00219,감성커피 홍제역점,195045.660792095,453969.846574818,폐업,2019-07-16,2022-06-07,106.20249663111183
3120000-101-2011-00107,이디야커피 가좌역점,192430.747828561,451913.110479249,폐업,2011-05-04,2017-10-13,98.54960241502152
3170000-101-2019-00047,감성커피 금천시흥점,192045.604230377,438876.299174794,폐업,2019-02-25,2022-07-20,1521.5839708010294
3230000-101-2023-00330,더벤티 잠실장미상가점,208707.089897534,446299.352775446,폐업,2023-05-10,2024-06-28,443.96371816196194
3230000-101-2015-00321,이디야커피 방이미성점,210775.452144611,444886.92475337,폐업,2015-07-10,2023-05-10,417.49971731736485
3230000-101-2012-00125,이디야커피 송파한양점,209971.561769881,444625.863105631,폐업,2012-04-02,2024-07-19,463.2149460423471
3230000-101-2018-00519,감성커피 방이역점,210903.816323612,445361.060904842,폐업,2018-07-24,2024-02-29,251.20370710545228
3070000-101-2024-00351,빽다방 성북우체국점,202482.840792153,456067.252354538,폐업,2024-08-13,2024-08-20,444.7795599680662
3070000-101-2002-00051,이디야 길음역점,202029.981799661,455605.716911266,폐업,2002-01-31,2019-12-03,201.60241529657466
3070000-101-2011-00240,이디야,201424.988220241,454071.021752091,폐업,2011-08-11,2022-02-09,427.1290438442772
3070000-101-2024-00447,빽다방 한예종석관점,205155.139567981,456508.891830093,폐업,2024-10-18,2024-10-19,246.60200283547235
3080000-101-2013-00217,이디야 광산사거리,201930.770048587,460020.981733386,폐업,2013-09-17,2023-02-10,526.7155537676896
3080000-101-2001-09059,이디야(삼각산점),201343.966010239,457508.846098196,폐업,2001-12-20,2024-09-24,221.06570400799967
3080000-101-2007-00123,이디야 수유1동점,201493.548940074,458597.485196888,폐업,2007-05-31,2023-10-10,298.9171179904383
3080000-101-2009-00145,이디야 커피,202536.541879297,456758.813670659,폐업,2009-06-02,2023-10-30,51.630366377171825
3080000-101-2019-00082,감성커피 미아민병원점,202337.148434207,457806.819119783,폐업,2019-04-11,2025-04-04,436.23855837812135
3090000-101-2021-00077,감성커피도봉점,203918.365043785,464475.731561079,폐업,2021-04-23,2023-04-19,360.8064642255987
3220000-101-2020-01526,매머드익스프레스 압구정점,202398.022535049,446869.307086395,폐업,2020-12-21,2023-01-16,239.89145121410738
3220000-101-2015-00871,매머드 익스프레스 선릉대림점,204181.823243711,444950.728644939,폐업,2015-09-30,2020-06-30,264.6984746055665
3220000-101-2012-00451,이디야커피 역삼GFC점,203207.24444991,444098.380981066,폐업,2012-06-13,2017-02-10,182.68021272588814
3220000-101-1989-17876,빽다방 멜로우 논현지점,202056.105851493,444977.96960847,폐업,1989-10-10,2017-07-07,276.55311487947665
3220000-101-2023-00466,주식회사 앤하우스 메가MGC커피(한시적),205130.591678902,445590.096837802,폐업,2023-04-03,2023-04-13,226.6222118106773
3220000-101-2005-00064,빽다방(청담영동고점),203546.514567012,446316.917431553,폐업,2005-01-25,2022-03-03,211.75129598401807
3220000-101-2015-00380,이디야커피(압구정로데오역점),203362.470743292,447255.500059519,폐업,2015-05-06,2022-10-17,153.49536867361192
3220000-101-2014-00412,빽다방 삼성동공항타워점,204981.823447481,445317.569993275,폐업,2014-05-09,2019-09-27,471.86898226407664
3220000-101-2015-00248,매머드 익스프레스 테헤란점(MAMMOTH EXPRESS),202852.696796033,444268.846317292,폐업,2015-03-26,2023-06-28,298.8199993253182
3220000-101-2015-00939,빽다방 대치청실점,205154.638096613,443439.981644506,폐업,2015-10-16,2017-09-13,373.6404190832783
3240000-101-2009-00420,이디야 굽은다리역점,212467.434115035,449047.681507441,폐업,2009-11-16,2022-12-20,221.54473765725425
3140000-101-2012-00319,이디야커피 서남병원점,185110.894254328,445597.867304429,폐업,2012-12-17,2023-01-16,2002.0155527266843
3200000-101-2021-00067,컴포즈커피 봉천중앙점,194935.523379602,442196.00390157,폐업,2021-02-03,2024-10-25,153.73115653484814
3200000-101-2004-00517,이디야,194544.691396571,440901.965658555,폐업,2004-10-28,2018-01-16,495.0474449973762
3200000-101-2001-11392,이디야낙성대점,196588.666246939,441749.702697104,폐업,2001-10-25,2017-11-27,176.86384507741934
3050000-101-2010-00176,이디야경희대점,204569.432296208,454399.29339359,폐업,2010-06-03,2017-08-23,531.0140145773387
3050000-101-2024-00013,메가엠지씨커피 동대문구청점,203340.686374876,452607.843299182,폐업,2024-01-15,2024-02-15,198.65160246167747
3110000-101-2020-00018,감성커피 불광역점,193687.83561561,456469.658454439,폐업,2020-01-14,2022-05-09,46.13649740149325
3110000-101-1991-05360,이디야,192950.245106038,456287.998883901,폐업,1991-11-08,2024-10-04,354.0219134225305
3110000-101-2004-00208,컴포즈응암오거리점,192565.042051109,454222.084119125,폐업,2004-06-28,2021-12-28,281.25762502638617
3110000-101-2002-00450,이디야,192144.782048469,456791.43331642,폐업,2002-10-28,2017-07-05,537.6302802655077
3130000-104-2017-00065,커피에반하다 홍대점,193280.853739988,450136.139175705,폐업,2017-02-27,2022-02-08,376.5870886303814
3130000-104-2017-00322,이디야 성산중앙점,192567.210922042,450896.344372486,폐업,2017-09-04,2024-11-18,732.4414761937744
3130000-104-2017-00415,매머드커피 마포중앙도서관점(129호),191843.829548101,451282.5581689,폐업,2017-11-16,2022-02-08,455.36785682924676
3100000-104-2018-00187,이디야월계초교점,204376.414367095,458295.225158013,폐업,2018-11-29,2023-10-18,1009.6476142836558
3140000-104-2018-00175,더벤티킴스클럽목동점,188977.171050288,447466.355031447,폐업,2018-11-20,2023-02-08,542.1367447253009
3170000-104-2019-00007,만랩커피 독산점,189920.528610917,440521.85524888,폐업,2019-01-11,2023-03-06,251.91606893984886
3100000-104-2019-00014,커피에반하다,205368.388442949,461774.111086211,폐업,2019-01-21,2021-05-28,266.7689341122788
3090000-104-2019-00016,커피에반하다,204063.565019682,461204.628081227,폐업,2019-01-25,2021-03-30,25.455594086012685
3070000-104-2019-00043,만랩커피 홈플러스월곡점,203502.004139568,455500.568972657,폐업,2019-03-05,2023-03-09,93.0566021522926
3220000-104-2019-00106,만랩커피 삼성싹아트홀점,204849.998753087,445280.596880852,폐업,2019-02-27,2023-03-09,419.2084404069546
3150000-104-2019-00013,더벤티 마곡점,185095.247005248,450885.058431205,폐업,2019-01-14,2021-05-28,510.4357597379354
3140000-104-2019-00040,메가엠지씨커피 오목교역점,188688.879646658,446994.404068885,폐업,2019-03-22,2023-10-16,205.75718844996194
3230000-104-2019-00011,이디야커피 방이시장점,209987.831311221,445521.28452478,폐업,2019-01-08,2024-02-06,185.76471367138342
3130000-104-2019-00064,메가 엠지씨 커피 합정역점,192351.519505378,449683.522663289,폐업,2019-03-06,2022-08-19,72.3009396332558
3110000-104-2019-00026,커피에반하다(갈현주민센터점),192640.605262496,457921.381332144,폐업,2019-02-14,2024-06-03,608.3394693419654
3100000-104-2019-00039,커피에반하다,205341.384982763,460838.369137318,폐업,2019-03-05,2023-01-19,511.78193060610613
3220000-104-2019-00186,만랩커피 선릉역점,204662.747132837,444764.093388357,폐업,2019-03-28,2020-05-11,410.4148679578179
3020000-104-2023-00150,매머드익스프레스(숙대점),196977.364024383,449175.637803411,폐업,2023-08-21,2024-11-27,475.1937994325118
3130000-104-2023-00241,매머드익스프레스 공덕동점,195782.167947617,449467.125357845,폐업,2023-08-09,2025-03-11,421.8015484539076
3040000-104-2019-00021,커피에반하다,206826.516479071,450178.536506659,폐업,2019-02-07,2022-01-20,384.6315684511174
3130000-104-2019-00074,커피에반하다 구수사거리점,193889.040661907,449277.876757706,폐업,2019-03-13,2023-03-29,193.4066525901754
3180000-104-2019-00044,매머드익스프레스(여의도공원점),193259.164012388,447503.839457813,폐업,2019-03-07,2022-04-18,615.597958565413
3160000-104-2019-00035,감성커피 개봉역사점,187525.339802832,443643.833213749,폐업,2019-03-04,2022-06-16,110.47154939911853
3110000-104-2019-00043,커피에반하다(녹번환희점),194408.745928276,455650.210095834,폐업,2019-03-18,2024-08-05,294.29044788104926
3130000-104-2019-00051,만랩커피 홍대입구점,193683.435734563,450316.440468253,폐업,2019-02-26,2021-01-11,384.16082372302924
3040000-104-2019-00130,이디야뚝섬유원지역점,205877.28221374,447919.248318372,폐업,2019-06-13,2024-06-28,221.4972600217786
3210000-104-2019-00164,이디야(서초우면중앙점),201366.787271804,439366.70531764,폐업,2019-06-03,2024-11-11,2537.207157542754
3230000-104-2019-00189,이디야커피 송파 헬리오 시티점,209219.191144283,444182.219682377,폐업,2019-05-28,2021-05-20,625.2095791950823
3230000-104-2019-00121,이디야 문정문현점,211132.533390588,442002.841604704,폐업,2019-04-11,2024-06-17,174.74805643121684
3070000-104-2019-00097,커피에반하다 하월곡동점,203067.206072379,456073.860639591,폐업,2019-06-04,2023-04-24,770.4917150552828
3120000-104-2019-00097,더벤티서대문역점,196828.829637637,451670.514152007,폐업,2019-05-21,2023-05-03,226.97884304147848
3220000-104-2019-00256,주식회사 매머드커피랩,205130.591678902,445590.096837802,폐업,2019-04-26,2019-05-20,226.6222118106773
3020000-104-2019-00077,이디야커피삼각지역점,197514.145785647,448264.322314594,폐업,2019-06-05,2022-08-12,166.73040070705895
3150000-104-2019-00142,커피에반하다,185150.32136415,450822.870557532,폐업,2019-05-17,2024-02-15,588.3686149048875
3120000-104-2019-00094,메가엠지씨커피홍제역점,195107.573772626,453992.907306991,폐업,2019-05-16,2020-08-25,134.04940749143245
3130000-104-2023-00190,드라이빙 앤 컴포즈커피 마포구청점,191409.240701388,451377.18304308,폐업,2023-06-16,2024-04-18,123.73804912074
3110000-104-2012-00020,이디야 연신내역점,192900.782483613,457444.185417139,폐업,2012-02-28,2020-09-23,66.21705322730101
3110000-104-2009-00094,이디야이마트은평점,192882.837727443,455340.54056388,폐업,2009-11-20,2024-09-23,451.6994693601714
3120000-104-2012-00042,이디야 홍제점,195100.775388874,453908.668090057,폐업,2012-03-09,2023-09-01,187.49327150025212
3010000-104-2011-00121,이디야 충무로3가점,199157.146978682,451143.211003166,폐업,2011-07-04,2024-01-08,311.9476639598722
3010000-104-2016-00092,만랩커피,199274.744782333,451438.400670379,폐업,2016-03-17,2018-02-22,118.92309214588467
3110000-104-2010-00118,이디야(연신내점),192762.8128384,457402.234755153,폐업,2010-08-16,2016-09-06,155.12638646674858
3210000-104-2015-00222,THE VENTI(더 벤티) 교대점,201295.700037578,443474.524864903,폐업,2015-09-16,2024-04-09,89.44896944723912
3140000-104-2015-00071,이디야커피신정역점,187082.051039049,446981.829794841,폐업,2015-05-26,2022-09-19,134.66121663666675
3010000-104-2012-00161,이디야커피,199272.350281075,450950.170297912,폐업,2012-09-20,2024-11-25,263.24391271321826
3010000-104-2011-00022,매머드 익스프레스 퇴계로점,200277.835594229,451316.340340698,폐업,2011-02-15,2019-06-04,137.8673336267787
3020000-104-2014-00111,이디야 한강진역사,199976.641457811,448731.858551578,폐업,2014-10-13,2019-11-06,177.68210155919587
3110000-104-2013-00092,이디야,193103.427054842,459986.856034813,폐업,2013-10-18,2022-12-22,707.7443707969243
3120000-104-2014-00109,이디야커피 홍은중앙길점,195361.607735602,455246.102082101,폐업,2014-08-07,2021-08-27,1114.1094753348525
3020000-104-2015-00105,더벤티코리아,197015.117885427,449162.011118867,폐업,2015-11-16,2022-05-12,438.74861876396415
3140000-104-2011-00148,이디야(오목교역점),188954.524397407,446824.338404844,폐업,2011-09-30,2023-09-26,128.0349076868985
3110000-104-2015-00011,이디야 커피(독바위역점),194042.098056639,457314.080047051,폐업,2015-02-05,2023-01-30,37.85474106683485
3140000-104-2016-00246,이디야커피목4동점,188099.042234543,448591.302073883,폐업,2016-11-17,2024-10-11,1132.8327418911797
3140000-104-2012-00147,이디야 CBS점,188871.512837973,447348.13213342,폐업,2012-12-13,2023-03-23,416.28870206784194
3020000-104-2015-00081,빽다방 신용산역점,197043.070567006,447583.735611074,폐업,2015-09-10,2022-03-28,181.62597075474216
3020000-104-2016-00086,빽다방,196506.975091736,448157.36945739,폐업,2016-07-12,2018-03-05,401.6679086201233
3010000-104-2018-00147,이디야커피 약수역점,200958.815664612,450254.293571435,폐업,2018-05-23,2024-09-23,90.21267250719399
3110000-104-2014-00097,이디야 응암중앙점,192568.183164958,454016.689865438,폐업,2014-10-10,2024-10-23,403.3219008791834
3110000-104-2017-00127,이디야,192144.782048469,456791.43331642,폐업,2017-07-05,2022-08-25,537.6302802655077
3070000-104-2009-00013,이디야성신여대역점,201342.102885448,454603.051999187,폐업,2009-03-27,2017-10-23,109.09098362013371
3110000-104-2018-00034,커피에반하다(응암서부병원점),193223.487527244,455229.001358152,폐업,2018-03-05,2022-03-16,751.4128747466021
3140000-104-2017-00150,더벤티킴스클럽목동점,188977.171050288,447466.355031447,폐업,2017-09-18,2019-12-04,542.1367447253009
3020000-104-2014-00072,이디야 용산아스테리움점,197177.441827434,447264.444809335,폐업,2014-06-23,2017-05-11,176.29326803894344
3210000-104-2011-00216,이디야커피 양재우면점,203268.908269935,441690.283159014,폐업,2011-11-02,2016-10-06,715.6793814687697
3140000-104-2014-00030,이디야커피,186022.845067592,446241.819507065,폐업,2014-03-04,2023-01-13,923.1460470922123
3110000-104-2013-00016,이디야 에스프레소,193671.151835754,456443.282712175,폐업,2013-02-25,2023-10-19,70.63453867097115
3140000-104-2018-00030,커피에반하다,185272.980783767,446741.823422554,폐업,2018-02-28,2024-10-10,1491.124673587443
3210000-104-2014-00020,이디야커피(EDIYA COFFEE),203494.359793635,440771.039835881,폐업,2014-02-07,2021-12-10,263.97065574036424
3110000-104-2015-00113,이디야,193296.847623863,457624.618620068,폐업,2015-08-10,2023-10-25,422.0862381814906
3110000-104-2013-00103,이디야,190774.119177382,453295.781525013,폐업,2013-11-01,2024-11-27,131.25962550774
3110000-104-2013-00114,이디야 커피(연신내 중앙점),193105.199725994,457192.152290266,폐업,2013-11-29,2023-07-19,257.9506907543305
3210000-104-2015-00315,빽다방,203837.230301069,441539.1933305,폐업,2015-11-24,2016-04-26,757.7592629721627
3120000-104-2015-00101,이디야커피 무악재역점,195487.053824097,453420.848391128,폐업,2015-07-10,2024-07-01,60.46373071592764
3210000-104-2013-00044,이디야(EDIYA COFFEE),199059.644180682,444396.094036908,폐업,2013-04-01,2022-06-13,253.59455564706735
3070000-104-2010-00134,이디야커피 한성대역점,200645.918769282,454135.508838328,폐업,2010-12-07,2024-04-02,174.45814476788158
3000000-104-2009-00135,이디야(동대문역점),200685.734152413,452136.400405769,폐업,2009-11-25,2019-05-28,63.60378391036817
3010000-104-2016-00118,이디야커피숍 명동중앙2호점,198793.839451057,451072.1392557,폐업,2016-04-22,2023-02-14,139.29215253205655
3140000-104-2014-00020,이디야커피,184783.397041118,448230.469938283,폐업,2014-02-17,2018-12-11,1202.70668329932
3140000-104-2011-00046,이디야목동역점,187810.102163123,447103.079668939,폐업,2011-04-12,2024-04-15,124.5597541899746
3010000-104-2015-00174,빽다방 광희동사거리,200448.215888466,451387.090356969,폐업,2015-10-14,2019-09-19,47.81048694929001
3140000-104-2016-00205,이디야커피목동남부점,187971.561450511,445180.40867328,폐업,2016-08-30,2023-08-31,382.5412586393414
3120000-104-2013-00134,이디야동교동점,193547.297910388,450712.127464174,폐업,2013-12-02,2023-08-07,151.28754737680848
3120000-104-2015-00122,이디야커피(독립문통일로점),196472.739619678,452113.046976794,폐업,2015-08-12,2023-02-28,443.9005930396406
3070000-104-2019-00083,더벤티 성신여대점,201467.253780552,454489.790802176,폐업,2019-05-22,2023-08-07,8.907776087112117
3160000-104-2019-00162,컴포즈커피 구로한영시티점,190811.754668537,442118.236573158,폐업,2019-10-01,2020-12-23,658.235527278197
3140000-104-2019-00138,커피에반하다 신정네거리점,187086.000566034,446599.337231584,폐업,2019-07-16,2023-06-01,219.7219355642746
3060000-104-2019-00135,이디야 양원남부점,209417.812611365,455648.198276927,폐업,2019-08-08,2023-05-03,1085.0327526286783
3150000-104-2019-00208,매머드 익스프레스 화곡메가박스점,185574.937191115,448716.274685045,폐업,2019-07-26,2021-07-19,276.41678777612856
3120000-104-2019-00163,이디야 이화여대점,195167.079408119,450633.914892119,폐업,2019-08-19,2024-08-16,137.81040739791126
3150000-104-2019-00247,커피에반하다,184514.388814902,450797.722244176,폐업,2019-08-28,2023-10-20,108.69231600533031
3210000-104-2019-00261,매머드커피,203392.793460583,440676.379919661,폐업,2019-09-04,2019-09-10,307.0643022742235
3170000-104-2019-00105,매머드 익스프레스 갑을그레이트밸리점,189982.344533404,441928.69040241,폐업,2019-06-26,2024-06-18,437.972492948278
3220000-104-2022-00162,이디야커피 삼성중앙역점,204638.735,445739.79,폐업,2022-04-07,2025-03-28,95.59959947328034
3180000-104-2024-00346,이디야,193326.931018911,446973.914570276,폐업,2024-10-18,2024-11-20,384.82844910868374
3110000-104-2024-00155,이디야 백련산아이파크점,192465.363063754,454894.818175461,폐업,2024-10-18,2024-10-19,250.0184815515235
3230000-104-2024-00395,(주)매머드커피랩,210199.45921923,446539.279382444,폐업,2024-10-24,2024-11-03,478.411459549869
3240000-104-2024-00224,매머드 익스프레스 암사점,211252.499429603,449861.448298428,폐업,2024-11-13,2024-12-06,106.04224950939441
3090000-104-2020-00067,이디야 창동블루핀점,204308.803324021,462013.490422468,폐업,2020-08-03,2024-09-03,829.9036782219677
3230000-104-2016-00009,커반(커피에반하다),206932.357872339,445301.060651942,폐업,2016-01-06,2019-02-27,244.58060354365057
3120000-104-2012-00123,이디야 가재울점,192139.514479125,452473.848199077,폐업,2012-10-09,2024-05-08,708.5657086897504
3030000-104-2015-00038,이디야커피 뚝섬역점,204242.211382768,449457.3213247,폐업,2015-04-21,2024-07-25,123.69795884362316
3020000-104-2006-00003,이디야,196920.745916732,449209.513689564,폐업,2006-03-02,2020-11-12,530.7251869813132
3020000-104-2017-00016,만랩커피나미브(10000LAB X NAMIB),198746.734021309,448690.838923479,폐업,2017-02-01,2021-06-22,641.4611702213912
3120000-104-2008-00066,카페이디야,193224.910587162,453018.478353222,폐업,2008-08-07,2017-10-31,1360.057599949926
3140000-104-2016-00091,커피에반하다양천신월점,185511.223568273,446283.271989441,폐업,2016-05-10,2025-01-31,1420.2655512111635
3120000-104-1999-03889,이디야,195124.438236336,450532.009946368,폐업,1999-06-29,2021-05-21,43.15373862636277
3140000-104-2011-00166,이디야신정교점,188775.802463919,446300.797031525,폐업,2011-11-10,2024-03-04,640.2479628576432
3030000-104-2011-00027,이디야행당점,202909.320149389,450643.152428876,폐업,2011-05-09,2023-08-31,375.4857684442717
3010000-104-2009-00024,이디야커피 IBK점,198743.086421493,451579.913748821,폐업,2009-02-26,2020-07-22,356.9548258702885
3120000-104-2017-00164,이디야커피 가좌역점,192430.747828561,451913.110479249,폐업,2017-10-13,2021-11-24,98.54960241502152
3010000-104-2014-00068,이디야 청구역점,201099.759440018,450833.306115568,폐업,2014-04-09,2024-04-01,68.75689112591809
3140000-104-2016-00027,이디야커피목동등촌로점,187795.606359804,449279.057082134,폐업,2016-03-04,2022-11-18,609.0266721570287
3030000-104-2009-00063,이디야커피(한양대점),203601.487016216,450852.830007464,폐업,2009-09-14,2023-12-29,411.33329113922065
3140000-104-2015-00009,커피에반하다,187619.993071747,445879.054862903,폐업,2015-01-14,2021-08-20,504.45128353224396
3140000-104-2015-00019,커피에반하다,188879.448572755,446808.521815814,폐업,2015-02-06,2016-06-15,123.46361720558718
3030000-104-2013-00090,이디야성수2가점,204799.750078838,448317.872400495,폐업,2013-07-31,2022-08-19,838.8733405576212
3070000-104-2014-00088,이디야커피(국민대점),199965.28221496,456536.160168447,폐업,2014-07-29,2023-03-20,697.6344128776288
3070000-104-2014-00102,이디야카페(정릉아리랑점),201604.627294689,455202.849795642,폐업,2014-09-05,2023-05-11,631.7977993697278
3070000-104-2013-00013,이디야(EDIYA),205060.731432101,456432.184537298,폐업,2013-02-05,2023-03-24,152.66794223141687
3070000-104-2016-00073,감성커피,201422.756203753,454355.100629802,폐업,2016-06-02,2021-04-02,146.82987251418334
3070000-104-2014-00002,이디야커피동소문동점,201066.584474523,454414.343552494,폐업,2014-01-15,2024-11-28,339.0053595811779
3070000-104-2014-00126,이디야 상월곡역사점,204330.488275113,456085.349815294,폐업,2014-10-31,2019-10-29,139.7861804839112
3070000-104-2017-00012,이디야커피돈암아리랑점,201051.072165281,455205.325182072,폐업,2017-01-19,2024-06-27,406.4535138544028
3070000-104-2014-00026,이디야커피정릉뉴타운점,201548.495615664,455659.81785175,폐업,2014-03-26,2023-07-26,433.47871659854906
3180000-104-2006-00031,이디야,192785.997964211,447523.1165117,폐업,2006-05-11,2021-05-12,232.0699839181933
3120000-104-2001-10715,이디야에스프레소,193224.910587162,453018.478353222,폐업,2001-10-11,2017-10-31,1360.057599949926
3070000-104-2014-00120,이디야 고려대역사점,203120.220219624,454248.371932964,폐업,2014-10-16,2019-10-29,25.574544650763162
3210000-104-2009-00204,이디야커피 이수역점,198487.958709466,442537.940545589,폐업,2009-09-08,2019-11-11,172.13804355808247
3010000-104-2002-00072,이디야충무로점,199393.748061831,451020.317219361,폐업,2002-05-04,2021-05-27,137.73585413670173
3210000-104-2008-00027,이디야커피 BC카드점,201162.55241589,442589.558473708,폐업,2008-02-20,2020-03-20,217.32345769038548
3010000-104-2004-00003,이디야,198006.561974679,450734.150359974,폐업,2004-01-14,2019-05-21,149.00080098143832
3070000-104-2013-00102,이디야커피,202667.468802014,455858.920803881,폐업,2013-10-25,2023-08-07,509.4805204714009
3010000-104-2006-00158,이디야커피,198429.971915327,451654.194861108,폐업,2006-10-30,2017-12-29,135.98040520200885
3020000-104-2004-00072,이디야,196762.077394917,447480.039577359,폐업,2004-10-06,2021-10-05,65.93363970225063
3110000-104-2017-00021,감성커피 구파발점,192831.901570697,459170.418887077,폐업,2017-02-02,2022-02-04,204.98452482679485
3180000-104-2017-00170,더벤티서여의도점,193026.875747265,447427.783375434,폐업,2017-06-14,2021-01-05,371.31789757728257
3120000-104-2011-00115,이디야,193908.881732216,451782.315521616,폐업,2011-07-27,2023-11-29,1263.714420376098
3010000-104-2017-00250,만랩커피 덕수궁롯데캐슬점,197312.655183004,451257.223181993,폐업,2017-08-01,2023-07-25,411.52077759860293
3230000-104-2011-00277,이디야커피 방이점,209957.739828039,445503.385359995,폐업,2011-12-12,2018-11-08,153.5761761739991
3230000-104-2017-00035,커피에반하다 위례광장점,212609.377447603,441586.029967716,폐업,2017-02-03,2019-04-17,1533.2566243152783
3230000-104-2010-00237,이디야커피,210112.095847264,445960.615515654,폐업,2010-08-05,2020-03-17,110.49135124617588
3230000-104-2017-00079,감성커피 위례광장점,212452.558599859,441411.906445707,폐업,2017-03-15,2019-03-25,1376.2432288475718
3230000-104-2016-00137,이디야 위례아이파크점,212494.327675839,441590.062253247,폐업,2016-05-04,2024-01-09,1419.168475927581
3230000-104-2016-00371,이디야 석촌사거리점,209503.78418775,444592.294796448,폐업,2016-12-16,2024-03-26,229.7945041971042
3230000-104-2014-00078,매머드 익스프레스 장미상가점,208707.089897534,446299.352775446,폐업,2014-04-15,2022-06-14,443.96371816196194
3170000-104-2019-00173,메가엠지씨커피 시흥사거리점,191118.563171248,439101.864418089,폐업,2019-12-10,2019-12-30,569.8341727569074
3150000-104-2019-00344,이디야커피 등촌중앙점,187836.091897907,448212.63908177,폐업,2019-12-05,2024-08-20,1113.4374669816057
3130000-104-2019-00347,이디야,193716.268830546,450209.141627082,폐업,2019-12-27,2023-01-16,489.28245938156465
3150000-104-2019-00302,이디야커피(강서가양동점),185917.670740756,452084.848958002,폐업,2019-10-18,2023-04-03,284.3572929547274
3090000-104-2019-00104,이디야방학홈플러스점,203790.013568785,462495.417040876,폐업,2019-11-28,2022-04-05,295.7363379716042
3220000-104-2019-00757,매머드 익스프레스 강남오거리점,202248.952376047,444531.243373148,폐업,2019-11-07,2023-12-22,205.66587373454686
3220000-104-2019-00851,이디야 학동역점,202859.925095984,445869.508838485,폐업,2019-12-12,2019-12-19,151.34460862218933
3210000-104-2019-00292,만랩커피 남부터미널점,201347.665918617,442312.725051308,폐업,2019-10-17,2024-07-17,215.92741637720013
3060000-104-2022-00030,더벤티,208112.860200669,457113.638411288,폐업,2022-03-03,2022-10-21,157.25648243529523
3210000-104-2022-00035,이디야 방배 백석점,199913.128451027,441835.543393818,폐업,2022-02-04,2024-01-04,362.03364850761363
3150000-104-2024-00191,더벤티 등촌중앙점,187841.80382766,448320.727217783,폐업,2024-08-13,2024-09-05,1220.650957294996
3150000-104-2024-00155,컴포즈커피 양천향교역점,186124.389979166,451594.170002408,폐업,2024-07-05,2024-08-09,295.32016714044534
3150000-104-2014-00006,이디야커피까치산역점,186354.318029524,447736.830299049,폐업,2014-01-13,2016-10-27,26.822760387109085
3240000-104-2012-00015,이디야커피,211494.454146523,448831.521140103,폐업,2012-02-27,2021-01-22,666.0146218180554
3100000-104-2004-00060,이디야,205171.819268997,461220.88706693,폐업,2004-08-20,2019-12-24,161.5018177258175
3190000-104-2012-00005,이디야커피(총신대입구역점),198327.80931491,442795.71561313,폐업,2012-01-16,2024-09-23,42.00926036527515
3190000-104-2010-00060,이디야커피사당점,198294.096785509,442062.207077499,폐업,2010-07-01,2024-07-10,464.70696452355344
3190000-104-2012-00068,이디야(대림성모점),191803.524952767,443132.741584701,폐업,2012-08-10,2024-07-30,554.1948968107964
3240000-104-2010-00168,이디야커피 암사역점,211252.499429603,449861.448298428,폐업,2010-09-28,2023-07-24,106.04224950939441
3170000-104-2015-00074,금천시흥사거리점 빽다방,191077.569316308,439178.125476649,폐업,2015-09-11,2022-09-28,508.8513684665197
3240000-104-2011-00142,이디야천호역점,210871.293674366,448421.092547965,폐업,2011-08-17,2023-12-28,54.59446181117264
3190000-104-2012-00043,커피에반하다,193985.830623277,445754.430464912,폐업,2012-05-11,2022-02-28,464.80636237428143
3150000-104-2015-00222,감성커피 가양점,186501.233192961,451485.251875922,폐업,2015-12-22,2024-07-30,667.2074876850038
3150000-104-2017-00150,이디야 등촌동점,188079.524304513,449956.213811329,폐업,2017-05-19,2022-12-15,130.28759403069353
3150000-104-2015-00074,이디야 김포공항역점,182524.823835629,451438.25089679,폐업,2015-05-06,2020-05-08,326.5958422427555
3190000-104-2016-00151,이디야 이수중앙점,198088.602971262,442497.524877751,폐업,2016-08-09,2022-12-01,238.01124934637446
3150000-104-2017-00110,이디야 마곡나루역점,184646.580818167,451684.726858384,폐업,2017-04-14,2024-03-13,175.489632624768
3150000-104-2017-00114,만랩커피 마곡LG사이언스파크점,185190.147480628,450940.390228923,폐업,2017-04-20,2022-07-04,577.6801747148177
3150000-104-2015-00011,이디야 염창역점,188872.058097899,449451.023714108,폐업,2015-01-28,2020-01-02,35.56079769272674
3170000-104-2013-00023,이디야(시흥대로점),191000.581021467,441543.623608127,폐업,2013-03-26,2022-04-12,1044.5833853998206
3240000-104-2010-00124,이디야(강동SK허브점),211855.343463796,448152.725612274,폐업,2010-07-08,2022-04-01,216.8371132414866
3150000-104-2017-00135,이디야 마곡역점,184835.390794256,450858.680912443,폐업,2017-05-08,2023-07-27,322.4290060319223
3150000-104-2017-00286,커피에반하다 강서가양점,187733.160920858,450747.952249309,폐업,2017-09-20,2025-03-06,168.92457209058693
3190000-104-2014-00127,이디야 장승배기역점,194640.207759822,444787.248802668,폐업,2014-10-08,2022-03-17,112.46589155638806
3150000-104-2013-00177,이디야 송정역점,183138.805912097,451002.52504041,폐업,2013-12-18,2024-12-30,187.86842223382237
3150000-104-2017-00097,이디야 화곡남부시장점,187464.403178638,447877.710664426,폐업,2017-04-04,2024-07-08,905.8160886208892
3150000-104-2011-00157,이디야등촌3동점,186299.74267687,450792.016505679,폐업,2011-10-04,2023-04-21,804.7480338866956
3150000-104-2011-00072,이디야 개화산역점,182876.367858149,452247.393831256,폐업,2011-05-23,2022-12-20,15.097781877802742
3150000-104-2017-00057,이디야커피 화곡중앙점,186442.432351835,449289.842069874,폐업,2017-03-07,2023-05-04,768.8412761674366
3150000-104-2017-00061,이디야커피 마곡대방디엠씨티점,185827.239418328,451790.699502971,폐업,2017-03-09,2021-01-25,86.15946781833206
3150000-104-2017-00063,감성커피 마곡점,184824.275824197,450916.757855569,폐업,2017-03-10,2022-04-06,270.8930816265328
3170000-104-2013-00028,이디야커피 가산 그레이트점,189982.344533404,441928.69040241,폐업,2013-04-15,2023-06-16,437.972492948278
3150000-104-2017-00219,만랩커피 마곡나루역점,184539.253003862,451830.533907327,폐업,2017-07-20,2021-07-02,352.1512389522813
3080000-104-2016-00081,메가엠지씨커피 미아방천시장점,202932.063714943,456736.152683307,폐업,2016-07-14,2022-10-14,347.1694290887394
3040000-104-2012-00060,이디야커피,206746.708330261,450141.931842062,폐업,2012-05-23,2023-10-27,450.94187897932886
3040000-104-2013-00035,이디야,206279.8211319,449481.157001217,폐업,2013-03-25,2023-10-05,251.0139058930501
3050000-104-2015-00122,회기역점 빽다방,204977.724963557,454216.9715514,폐업,2015-09-02,2020-02-12,85.45534615700657
3040000-104-2013-00032,이디야커피 자양사거리점,207369.576935296,448199.234475482,폐업,2013-03-12,2020-09-17,120.146834327934
3220000-104-2011-00483,이디야,204170.278135097,444036.656041328,폐업,2011-11-24,2023-10-04,506.5283793902089
3150000-104-2018-00148,이디야,185292.76664368,450863.026923918,폐업,2018-07-06,2022-10-31,700.1173699029273
3150000-104-2014-00093,이디야커피 곰달래점,185665.130573245,447530.329627411,폐업,2014-07-08,2023-07-27,745.7332605686092
3080000-104-2013-00037,이디야커피(삼양시장점),201584.562239173,457984.365944,폐업,2013-08-22,2023-04-06,320.71044380988803
3040000-104-2015-00016,이디야커피구의동점,208324.939444793,448746.466638461,폐업,2015-02-05,2023-03-13,641.3480374022987
3240000-104-2009-00097,이디야(명일역점),212681.624988465,449827.101460261,폐업,2009-10-09,2021-12-16,81.27216826009202
3220000-104-2014-00083,이디야커피 테헤란로점,202731.24,444156.600000001,폐업,2014-03-13,2018-07-26,409.283499728492
3220000-104-2014-00084,이디야커피 대치포스코2호점,204828.002550249,444777.618635215,폐업,2014-03-13,2016-08-03,575.7573796050073
3150000-104-2013-00028,이디야커피방화역점,183438.673656262,452893.622300597,폐업,2013-03-08,2023-02-28,71.62209994903428
3170000-104-2016-00034,이디야커피,189700.026948955,441229.110998601,폐업,2016-03-31,2021-11-23,811.0265451980889
3040000-104-2012-00034,이디야,205905.381939151,448686.69670371,폐업,2012-04-09,2024-11-11,143.4414108925288
3040000-104-2010-00077,이디야,206261.783269675,448948.065971929,폐업,2010-06-24,2021-09-03,214.7435460881282
3040000-104-2007-00061,이디야건대역점,206031.196548172,448731.099217371,폐업,2007-07-13,2024-12-24,48.58375987369316
3240000-104-2013-00140,이디야,215313.230134197,451469.210879017,폐업,2013-12-05,2024-01-04,887.9002490539332
3150000-104-2013-00172,이디야커피 목동사거리점,187868.192160081,447679.060113622,폐업,2013-12-09,2020-05-13,579.5111357295355
3170000-104-2010-00054,이디야 패션아일랜드점,189722.178532426,441920.972770099,폐업,2010-08-20,2016-01-05,197.72888085679676
3170000-104-2014-00080,이디야커피 가산디지털점,189364.095969911,441746.981529543,폐업,2014-08-22,2020-03-27,339.4310427946807
3100000-104-2014-00068,이디야 월계초교점,204376.414367095,458295.225158013,폐업,2014-05-29,2018-11-29,1009.6476142836558
3220000-104-2018-00347,(주)매머드커피랩,205130.591678902,445590.096837802,폐업,2018-05-14,2018-06-04,226.6222118106773
3150000-104-2013-00165,커피에반하다,186378.231818091,450937.877207072,폐업,2013-11-20,2017-06-23,697.7101892256204
3040000-104-2015-00093,광진구청점 빽다방,207324.953590357,448395.067457312,폐업,2015-06-24,2017-08-01,157.61304751882025
3150000-104-2013-00051,이디야커피(화곡역점),185839.377143593,448776.177822354,폐업,2013-04-15,2021-11-29,51.4557820182907
3170000-104-2018-00083,커피에반하다,192305.78986397,438672.924851113,폐업,2018-06-26,2021-09-23,1831.6969993019636
3100000-104-2015-00071,이디야커피(공릉중앙점),206953.775564133,457856.976031993,폐업,2015-06-24,2023-06-05,532.8528979916998
3170000-104-2015-00006,이디야커피숍,189417.708595762,442309.174987731,폐업,2015-01-20,2024-03-04,198.7782772026138
3170000-104-2018-00098,가산대륭19차점 이디야,189504.258704224,441390.738560411,폐업,2018-07-26,2023-09-20,638.5420160776474
3170000-104-2016-00042,메가커피,189982.344533404,441928.69040241,폐업,2016-04-14,2020-05-08,437.972492948278
3170000-104-2018-00074,이디야 가산SK V1,189378.332493727,442066.99866487,폐업,2018-06-07,2023-05-26,181.4451642724335
3080000-104-2016-00017,이디야 커피(미아송천),201910.234747501,456898.788065585,폐업,2016-03-14,2023-10-05,687.9251794457473
3100000-104-2014-00135,이디야커피(화랑대역사점),207283.444093204,457509.134931641,폐업,2014-10-17,2019-10-24,72.31687883514392
3150000-104-2011-00058,이디야강서사거리점,187198.392326063,450314.997261936,폐업,2011-05-04,2023-03-23,594.6803077419008
3100000-104-2014-00130,이디야 커피전문점,205683.323154641,460038.745978448,폐업,2014-10-10,2022-01-11,278.51879388393274
3080000-104-2014-00079,이디야커피,201762.419935414,457441.244070216,폐업,2014-11-19,2023-05-24,237.3226961395736
3080000-104-2016-00031,이디야 커피,201186.272639371,460613.10848142,폐업,2016-04-15,2023-12-12,188.73963811323546
3100000-104-2015-00052,이디야커피 상계백병원점,205426.093098282,460800.073453941,폐업,2015-05-01,2021-08-22,524.968019366723
3040000-104-2006-00027,이디야,206610.107204606,449361.893107443,폐업,2006-07-11,2024-03-28,182.55918034660513
3040000-104-2012-00009,이디야(광진구청점),207303.311997109,448617.656706563,폐업,2012-02-02,2023-12-01,354.24239019922896
3090000-104-2014-00081,이디야,203878.494392592,463945.292746792,폐업,2014-12-19,2024-12-02,183.43786142115317
3150000-104-2012-00056,이디야커피,185507.16039174,450080.816861473,폐업,2012-04-26,2020-11-02,447.43361450181476
3100000-104-2010-00039,이디야노원사거리,205270.719919314,461175.377243531,폐업,2010-04-28,2024-09-30,170.50703680805847
3090000-104-2014-00070,이디야도봉산역점,204046.780043721,465180.671733594,폐업,2014-10-14,2019-10-31,15.01915671091979
3100000-104-2007-00015,이디야 서울과기대점,206797.151290281,458441.087966784,폐업,2007-04-23,2023-04-19,517.2001016957117
3090000-104-2015-00059,창동현대타운이디야점,203079.403480819,460555.552646723,폐업,2015-08-10,2023-11-03,152.54157580892792
3090000-104-2015-00061,이디야커피 쌍문중앙점,203137.532832521,461065.523793098,폐업,2015-08-13,2024-05-03,444.14715792760694
3100000-104-2008-00072,이디야에스프레소,205461.088399616,461568.430565386,폐업,2008-12-09,2016-12-05,50.378997154188426
3040000-104-2017-00077,감성커피건대로데오점,205887.515523609,448665.598608443,폐업,2017-05-24,2023-02-21,162.56061071637794
3100000-104-2012-00050,이디야커피,205489.761880316,461349.75973809,폐업,2012-04-09,2023-04-06,196.23499453371826
3100000-104-2016-00099,이디야커피 하계온천점,206350.493353359,459768.681704353,폐업,2016-05-23,2023-08-17,601.575411944183
3040000-104-2016-00216,이디야커피광나루점,209435.874794321,449554.195266349,폐업,2016-10-06,2024-01-16,483.84596308986335
3100000-104-2018-00032,이디야세이브존노원점,205994.811815848,459502.645279682,폐업,2018-03-15,2023-10-13,178.08505304954437
3090000-104-2017-00085,이디야커피방학사거리점,203663.222587199,462505.455032714,폐업,2017-10-20,2024-12-31,331.80233855101073
3090000-104-2012-00034,이디야커피도봉보건소사거리점,203356.110282156,461599.456980604,폐업,2012-07-11,2024-07-26,815.1439023344136
3100000-104-2012-00097,이디야 마들역,204962.052697783,462608.538123171,폐업,2012-08-14,2023-07-19,113.4298113748897
3230000-104-2010-00207,이디야커피,210986.460698452,441725.293491662,폐업,2010-07-01,2017-02-17,152.4226339434453
3180000-104-2018-00007,커피에반하다영등포로터리점,192005.696827851,446310.979954737,폐업,2018-01-08,2025-01-15,427.76989260852065
3230000-104-2009-00173,이디야 커피가락오벨리스크점,210712.567041314,443631.302105101,폐업,2009-08-31,2020-09-17,225.64314979557818
3230000-104-2017-00119,이디야 커피 송파 하비오점,210868.397496689,442053.227933005,폐업,2017-03-29,2024-06-17,316.8083037055938
3230000-104-2015-00193,빽다방 거여역점,212855.912417754,443448.004047101,폐업,2015-07-31,2020-12-01,192.66640417158735
3230000-104-2011-00147,이디야커피(이디야 가든파이브점),210480.282018702,441833.16323518,폐업,2011-06-29,2019-09-16,614.8413078783626
3180000-104-2017-00148,매머드커피여의도S점,193220.852226066,446743.134358836,폐업,2017-05-17,2024-07-22,141.62860083736044
3000000-104-2017-00112,메가엠지씨커피  안국역점,198742.385754743,452952.663773806,폐업,2017-05-18,2022-09-23,273.2884651924559
3000000-104-2017-00011,메가커피앤 디바이스,200034.584433852,453577.361028716,폐업,2017-01-20,2018-02-05,269.3622515562365
3060000-104-2018-00091,매머드커피사가정점,207729.175659582,453342.232542102,폐업,2018-07-09,2023-01-12,160.52936367431482
3000000-104-2018-00074,이디야 트윈트리타워점,198176.159239663,452574.67151361,폐업,2018-04-24,2023-08-28,486.0526768942088
3000000-104-2001-12023,이디야종로점,198877.098918771,451937.439505962,폐업,2001-07-07,2022-02-04,344.01516266598327
3180000-104-2017-00178,이디야커피신풍역점,192130.450702318,444196.675730792,폐업,2017-06-22,2024-06-12,176.5306332126717
3230000-104-2017-00431,이디야커피 송파잠실점,207880.980589508,444978.667534844,폐업,2017-10-23,2023-09-19,363.3353955870056
3230000-104-2014-00017,이디야커피 잠실월드점,209087.122362019,446139.152554604,폐업,2014-02-07,2022-05-18,315.36254937408097
3230000-104-2017-00489,이디야커피 문정중앙점,211103.477771477,442704.130721691,폐업,2017-12-07,2024-02-29,346.4561294497299
3210000-104-2010-00106,이디야,202503.871647418,443326.129565179,폐업,2010-05-27,2016-11-30,439.67375789946556
3230000-104-2018-00078,감성커피 방이사거리점,209726.884002074,445333.11700143,폐업,2018-03-13,2020-10-19,151.61979510177449
3000000-104-2008-00022,이디야,200099.736802632,452911.826843708,폐업,2008-03-20,2023-12-27,401.066687021807
3000000-104-2012-00100,EDIYA(이디아)창신점,201077.908697738,452195.434877707,폐업,2012-07-16,2022-11-08,237.6908619266137
3180000-104-2014-00205,빽다방서여의도점,192831.478310557,447442.596366034,폐업,2014-12-10,2021-11-15,201.0195795732842
3060000-104-2012-00063,이디야망우동점,208616.651000986,455204.466330052,폐업,2012-10-24,2024-12-23,533.7915232454365
3060000-104-2012-00066,이디야(커피전문점),207461.714560571,452544.850851529,폐업,2012-11-07,2022-01-10,208.04980607616355
3180000-104-2008-00047,이디야커피,191087.758954321,446157.437289242,폐업,2008-04-11,2019-01-18,462.56368423454364
3180000-104-2010-00185,이디야커피,190791.225613055,446926.797172515,폐업,2010-10-27,2024-03-15,136.90455632370714
3180000-104-2010-00199,메가커피,191225.972022267,448224.673207614,폐업,2010-11-08,2020-11-30,216.1101773990642
3180000-104-2010-00114,이디야 커피 영등포로타리점,192100.09731637,446237.843470409,폐업,2010-07-07,2021-08-31,315.53211449838795
3210000-104-2017-00290,이디야커피 신논현역점,201982.976325002,444788.702273191,폐업,2017-06-27,2023-04-21,143.42663581228663
3210000-104-2016-00428,만랩커피 서초점(10000LAB COFFEE),202503.871647418,443326.129565179,폐업,2016-10-31,2021-10-21,439.67375789946556
3210000-104-2017-00330,만랩커피 서초교대점,200947.095007216,442884.973043075,폐업,2017-07-20,2019-11-14,521.1392808539923
3210000-104-2017-00269,커피에반하다 반포대로점,200632.55536119,442750.664380545,폐업,2017-06-12,2025-02-10,550.1069277727072
3180000-104-2013-00192,커피에반하다,191477.428913335,447859.066836843,폐업,2013-12-09,2021-02-15,232.61384757666642
3180000-104-2015-00098,빽다방문래동국점,190199.2294276,446496.865300952,폐업,2015-07-06,2021-07-06,519.8810661313863
3060000-104-2012-00047,이디야커피묵동점,206777.731391054,456837.219624564,폐업,2012-07-16,2023-05-02,356.2093923860765
3060000-104-2011-00078,이디야면목역점,207618.310653511,454106.058096969,폐업,2011-09-06,2022-01-10,74.23772331116575
3000000-104-2013-00014,이디야 동묘역점,201414.046576254,452312.837247358,폐업,2013-02-13,2024-08-13,34.52906131779208
3180000-104-2014-00071,이디야문래6가점,190107.271463999,446454.594611755,폐업,2014-05-19,2016-08-26,578.0735879656212
3000000-104-2011-00141,이디야,198150.300374121,452019.212642931,폐업,2011-10-31,2023-07-24,289.7995011014374
3000000-104-2013-00050,이디야커피(경복궁역점),197475.456683105,452713.481753987,폐업,2013-04-29,2023-03-02,154.46905064741097
3210000-104-2016-00329,10000LAB COFFEE(만랩커피 논현역점),201746.115408004,445505.987440094,폐업,2016-08-12,2019-08-28,103.52680472004641
3180000-104-2014-00041,이디야커피,191505.950229879,446364.951065599,폐업,2014-03-24,2023-12-28,366.3097433322531
3060000-104-2011-00028,이디야커피(상봉역점),207388.537653781,454836.937418686,폐업,2011-03-04,2022-02-07,112.175831467993
3230000-104-2015-00025,이디야 삼전역점,208401.243206636,444512.866698716,폐업,2015-02-06,2025-03-06,81.61601216766114
3230000-104-2010-00327,이디야 석촌사거리점,209503.78418775,444592.294796448,폐업,2010-11-01,2016-12-14,229.7945041971042
3060000-104-2014-00098,이디야,208706.754264585,454777.272396908,폐업,2014-11-19,2023-12-07,766.1420663281929
3230000-104-2014-00266,이디야 (마천사거리점),212852.620762184,443990.574678948,폐업,2014-10-30,2023-05-01,568.2474017799863
3060000-104-2017-00050,매머드커피 서일대점(120호),208541.000160997,453774.85575892,폐업,2017-05-04,2022-07-01,921.8997416695574
3060000-104-2016-00089,감성커피중화역점,206879.949428237,455451.570535491,폐업,2016-06-15,2024-06-10,146.42617693233257
3180000-104-2014-00094,이디야커피(신길중앙점),192548.362984912,445556.316071268,폐업,2014-06-13,2024-08-12,545.609433398767
3050000-104-2020-00002,더벤티 장안점,206522.763968502,452179.049138277,폐업,2020-01-02,2023-04-19,1082.6631786077996
3150000-104-2019-00325,만랩커피 마곡역점,184572.413912003,450792.481822587,폐업,2019-11-05,2022-01-27,149.24765271965535
3150000-104-2020-00016,더 벤티(마곡수명산점),184585.651061065,450097.856259477,폐업,2020-01-21,2025-03-18,804.421031514717
3010000-104-2020-00021,만랩커피 동평화 패션타운점,201098.076810057,451892.393411268,폐업,2020-01-21,2023-06-29,392.94931291925803
3210000-104-2020-00085,매머드익스프레스 남부터미널점,201162.55241589,442589.558473708,폐업,2020-03-23,2021-07-26,217.32345769038548
3130000-104-2020-00079,이디야커피 신촌그랑자이점,195024.767399686,450346.134756933,폐업,2020-03-31,2025-03-24,196.0162538207367
3150000-104-2020-00050,이디야 공진초점,184367.982740868,450720.166345256,폐업,2020-02-24,2024-03-13,196.7157064867646
3120000-104-2020-00007,이디야 아현역점,196030.361275336,450665.925027885,폐업,2020-01-14,2022-12-27,96.48024083376693
3080000-104-2022-00011,이디야 광산사거리점,201922.432010876,460169.987212613,폐업,2022-01-21,2024-01-29,567.4150233065465
3050000-104-2021-00171,더벤티 답십리사거리점,205049.095910832,452418.270436454,폐업,2021-12-15,2025-02-07,926.0549606162218
3180000-104-2021-00345,컴포즈커피여의도KBS점,192747.419300064,447054.988337321,폐업,2021-12-30,2023-12-08,277.12631747691677
3230000-104-2023-00201,컴포즈커피 석촌호수점,208551.947559076,444890.678006917,폐업,2023-05-18,2024-06-14,424.12899435692384
3080000-104-2023-00036,매머드 익스프레스 솔샘점,201359.587154701,457544.574556254,폐업,2023-04-27,2025-04-15,231.42509181593826
3150000-104-2017-00033,더벤티 발산역점,185693.810190204,450792.279496426,폐업,2017-02-06,2023-05-10,1031.2942348613615
3150000-104-2015-00029,이디야커피 신방화역점,183902.043509212,451664.251457054,폐업,2015-03-03,2022-12-26,180.20211742024955
3150000-104-2017-00029,이디야 커피 마곡 엠밸리점,184345.724012817,451171.287709396,폐업,2017-02-03,2022-10-19,298.7389525260635
3150000-104-2016-00061,컴포즈커피(호서대점),185785.69948759,451147.208251482,폐업,2016-04-08,2019-08-21,665.2389612110178
3150000-104-2014-00179,이디야 우장산역점,185423.233970186,449519.629161816,폐업,2014-11-18,2023-02-10,123.39161181639874
3200000-104-2016-00159,커피에반하다 서울대입구역점,195473.034661719,442123.517997162,폐업,2016-09-05,2018-03-26,277.55032008861434
3200000-104-2016-00164,이디야 인헌점,197015.948286869,441394.18605618,폐업,2016-09-19,2024-06-18,378.81124780455207
3200000-104-2018-00103,더벤티,194428.912515539,440772.029815446,폐업,2018-07-13,2022-03-10,470.0661865628851
3200000-104-2014-00028,이디야커피 현대시장점,195208.974060903,442769.239488044,폐업,2014-03-18,2021-07-27,667.0825732313192
3200000-104-2017-00108,이디야 신림문화교점,193979.051892767,441819.455921104,폐업,2017-06-05,2023-06-12,54.035475582909115
3200000-104-2013-00129,이디야커피 당곡사거리,193654.447995374,443013.429722508,폐업,2013-11-25,2023-04-07,153.76908979391692
3200000-104-2014-00044,이디야 신림 신원점,193568.899365813,442070.694552412,폐업,2014-04-14,2024-08-26,401.09801770080946
3200000-104-2017-00153,이디야 신림남부초교점,193021.620526554,442360.277207379,폐업,2017-08-10,2024-09-02,685.2902964365001
3200000-104-2013-00121,이디야,196193.652287149,441868.220354805,폐업,2013-10-18,2023-10-26,507.9462624402296
3200000-104-2015-00122,커피에반하다 신대방역점,192324.246312004,442620.000672048,폐업,2015-09-16,2021-04-30,208.80121293147454
3200000-104-2013-00119,이디야커피 신림난곡점,192759.647509281,441154.136417329,폐업,2013-10-10,2024-12-23,1330.8872967602836
3200000-104-2010-00042,이디야 서울대입구역점,195793.554018345,442281.682871214,폐업,2010-04-29,2022-02-16,170.06106865895185
3200000-104-2011-00089,메가엠지씨커피 신림역사거리점,193764.761470624,442488.438980658,폐업,2011-06-14,2021-10-07,69.97636045496505
3200000-104-2012-00033,이디야커피(사당중앙점),198274.871752809,441477.005178732,폐업,2012-04-19,2024-12-30,121.67000810626236
3200000-104-2008-00032,이디야,195759.872774126,441941.015435004,폐업,2008-06-30,2024-01-23,176.22600422679378
3200000-104-2014-00062,이디야커피 난향동점,192797.843704191,439852.868058712,폐업,2014-05-30,2023-07-14,1793.556103849602
3190000-104-2015-00123,컴포즈커피이수역점,198320.630192629,442660.152581982,폐업,2015-10-30,2019-02-28,97.30714936264336
3010000-104-2002-00165,이디야소공점,198297.833546642,451193.870359394,폐업,2002-10-25,2018-07-18,342.7743827705171
3110000-104-2018-00113,커피에반하다 은평진관점,193202.911898896,459204.649423461,폐업,2018-07-30,2022-07-21,465.26279617155745
3110000-104-2018-00122,만랩커피 응암점,193005.457764344,454209.073516346,폐업,2018-08-13,2019-11-19,712.8380683008519
3240000-104-2020-00022,이디야 암사3동점,212366.840633987,450251.758832252,폐업,2020-01-29,2023-08-02,451.584166757831
3200000-104-2020-00065,메가엠지씨커피 봉일시장점,194589.164799307,442686.536822162,폐업,2020-04-13,2021-06-04,481.79196162135077
3020000-104-2020-00056,이디야용산후암점,197959.836762816,449698.375026945,폐업,2020-04-16,2023-11-23,588.4908471584433
3220000-104-2020-00292,만랩커피 수서점,208660.52025814,442636.120511247,폐업,2020-06-16,2024-08-19,288.30269430253384
3130000-104-2020-00140,더 벤티(아현점),195835.448021829,450370.13541991,폐업,2020-05-21,2024-04-17,293.7228839446809
3070000-104-2020-00070,이디야 북서울꿈의숲점,203957.267931295,457368.040549125,폐업,2020-05-19,2025-04-30,1312.2870699078508
3040000-104-2020-00090,커피에반하다중곡제일점,207003.769644514,451311.662974486,폐업,2020-05-19,2024-05-13,424.5482140700297
3220000-104-2020-00182,매머드 익스프레스 역삼언주로점,203519.270921541,444294.842473848,폐업,2020-04-24,2024-09-12,368.19811461402674
3140000-104-2020-00090,목동신트리점 이디야커피,187158.467033065,445678.076325463,폐업,2020-06-01,2025-03-31,810.1423400831251
3010000-104-2020-00098,컴포즈 서울메트로타워점,197675.397522479,450448.56432183,폐업,2020-05-12,2025-01-06,370.9862841404742
3070000-104-2020-00074,이디야 길음중앙점,202571.112398571,456435.426313848,폐업,2020-05-28,2022-09-08,336.4297733972018
3090000-104-2021-00102,더벤티 방학사거리점,203690.554854495,462620.919700728,폐업,2021-10-25,2023-03-13,222.61233343590075
3240000-104-2021-00262,이디야커피 강동신명초교점,212967.198454297,448814.972105093,폐업,2021-10-26,2025-01-02,601.1401348754918
3220000-104-2021-00733,더벤티 개포점,205356.070386897,442238.420572967,폐업,2021-12-07,2024-02-07,542.631409072276
3240000-104-2023-00041,만랩커피 성내점,211517.521169305,447448.001078738,폐업,2023-03-06,2025-04-17,479.73711821101523
3150000-104-2023-00064,이디야 강서교차로점,187198.392326063,450314.997261936,폐업,2023-03-23,2024-12-26,594.6803077419008
3170000-104-2023-00010,커피에반하다 신독산점,190868.333779445,441511.537559988,폐업,2023-02-06,2023-04-03,1121.3482894483031
3210000-104-2023-00046,메가엠지씨커피 방배카페거리점,198675.267764301,443752.712313929,폐업,2023-02-16,2023-05-08,612.4147270242593
3040000-104-2024-00041,매머드익스프레스 건대중문점,206285.244746583,448995.386490889,폐업,2024-03-21,2024-11-08,266.34973772098346
3220000-104-2018-00568,만랩,205130.591678902,445590.096837802,폐업,2018-08-07,2023-04-05,226.6222118106773
3150000-104-2020-00164,매머드익스프레스 마곡지투프라자점,185327.013793106,450918.42280126,폐업,2020-06-30,2023-01-31,715.0374637006468
3110000-104-2020-00138,이디야(중앙점),194152.62309059,455682.161354414,폐업,2020-08-10,2024-06-11,303.06752196819554
3210000-104-2020-00194,이디야 포이점,203871.74,441497.465,폐업,2020-07-14,2024-05-07,751.858700962773
3140000-104-2020-00146,매머드익스프레스 목동41타워점,188953.066831076,447333.569187997,폐업,2020-08-26,2022-02-24,407.2380226030807
3140000-104-2020-00126,이디야 목동로데오점,187892.354708086,447311.563663095,폐업,2020-07-31,2023-11-17,212.5825617429701
3220000-104-2020-00332,만랩커피 선릉아크로텔점,204181.823243711,444950.728644939,폐업,2020-07-06,2024-03-21,264.6984746055665
3060000-104-2021-00099,이디야 중랑경찰서점,209178.827973436,457253.36836438,폐업,2021-07-15,2023-10-04,539.5856829404848
3060000-104-2021-00093,이디야 면목경남아너스빌점,207044.704821363,452444.499410616,폐업,2021-07-07,2022-09-06,556.3792750676928
3240000-104-2021-00199,더 벤티,211334.386337341,449613.80607879,폐업,2021-07-30,2021-08-19,206.48467965469482
3130000-104-2021-00249,더벤티 마포망원점,191831.352522289,450600.01554229,폐업,2021-08-09,2023-09-06,238.25686063574798
3170000-104-2021-00069,만랩커피 가산한솔타워점,189881.714656576,441010.052948731,폐업,2021-06-28,2023-04-03,640.6838225279109
3110000-104-2021-00096,감성커피 녹번역점,194140.340023169,455375.622755975,폐업,2021-06-17,2023-07-10,119.10317049249151
3170000-104-2021-00053,매머드익스프레스 가산아이에스비즈타워점,189601.079212177,441193.941914277,폐업,2021-05-17,2021-09-17,834.4540483515464
3070000-104-2021-00091,메가엠지씨커피 성신여대점,201561.601951551,454303.502171833,폐업,2021-05-17,2022-05-20,217.46121072467076
3060000-104-2021-00060,감성커피 면목동점,207846.091039248,453315.347187881,폐업,2021-05-11,2023-04-07,164.97066801867066
3150000-104-2021-00115,이디야커피 내발산점,185501.192674693,450063.542909301,폐업,2021-04-26,2024-08-09,429.72369775897346
3070000-104-2021-00106,감성커피 성신여대점,201488.851031711,454421.439802388,폐업,2021-06-07,2023-04-05,80.02202887043101
3230000-104-2018-00343,더벤티 잠실장미상가점,208707.089897534,446299.352775446,폐업,2018-09-21,2021-08-18,443.96371816196194
3210000-104-2018-00309,이디야 교육개발원사거리점,203452.784631974,441787.636570501,폐업,2018-09-18,2024-06-10,819.886076342794
3130000-104-2018-00312,만랩커피 마포점,195111.088138936,448644.311298762,폐업,2018-09-18,2022-10-04,61.924488846484074
3220000-104-2018-00681,이디야 강남자곡점,209044.652571876,441272.313972925,폐업,2018-09-27,2024-04-23,1551.6181964744396
3170000-104-2020-00092,매머드익스프레스 에이스K-1타워점,189158.740846154,442283.977342742,폐업,2020-09-02,2021-10-18,409.33149258920986
3080000-104-2020-00084,커피에반하다,201713.050201227,460292.656640149,폐업,2020-09-10,2024-08-02,479.66127117633897
3210000-104-2020-00251,만랩커피(이수역점),198504.826881916,442641.079956283,폐업,2020-09-18,2024-05-22,202.86384799638103
3040000-104-2020-00172,만랩커피(중곡점),207591.234503587,451215.353635341,폐업,2020-09-21,2024-09-05,366.91339296743837
3180000-104-2020-00255,감성커피 서여의도점,192974.136279143,447585.389404675,폐업,2020-10-20,2025-01-23,401.8095748845525
3240000-104-2020-00212,감성커피 상일동역점,214299.644266879,450637.954760292,폐업,2020-10-19,2022-12-28,357.06592528935766
3220000-104-2020-00580,컴포즈,203403.748948936,446962.889853107,폐업,2020-11-09,2024-07-12,297.5998988016593
3240000-104-2020-00226,감성커피 고덕역점,213593.137875629,450274.382514974,폐업,2020-11-11,2023-11-20,53.95309711768362
3230000-104-2022-00335,컴포즈커피 잠실레이크팰리스점,208064.628654276,444995.650998844,폐업,2022-10-27,2024-01-25,512.9871689783898
3240000-104-2022-00224,컴포즈커피 천호공원점,211309.848894085,449245.604701345,폐업,2022-10-31,2023-01-06,535.6042930816996
3130000-104-2022-00273,메가엠지씨커피 마포 오벨리스크점,195111.088138936,448644.311298762,폐업,2022-10-04,2022-11-03,61.924488846484074
3140000-104-2022-00184,이디야커피 신정역점,187082.051039049,446981.829794841,폐업,2022-09-19,2024-01-05,134.66121663666675
3120000-104-2021-00029,더벤티 가재울뉴타운,192777.199694959,452775.826967308,폐업,2021-03-03,2024-08-16,1027.0262146886084
3130000-104-2021-00105,매머드 익스프레스 공덕동점,195782.167947617,449467.125357845,폐업,2021-04-19,2023-07-28,421.8015484539076
3100000-104-2021-00052,더벤티 공릉점,206866.87217523,458348.842060988,폐업,2021-03-25,2025-04-09,534.5250242841199
3000000-104-2021-00028,COMPOSE COFFEE 대학로점,199928.952213972,453421.12199907,폐업,2021-02-25,2021-07-09,190.53343160440062
3230000-104-2021-00048,컴포즈 잠실새내점,207415.71645114,445380.688101855,폐업,2021-02-16,2021-12-13,687.2289429988656
3140000-104-2021-00058,더 벤티 목동 하이스트점,188381.41808726,446977.772633513,폐업,2021-03-31,2025-04-07,463.8022395074826
3230000-104-2021-00091,매머드 익스프레스 방이시장점,209978.655449734,445545.759644926,폐업,2021-03-26,2024-03-22,200.50942600137526
3100000-104-2021-00048,감성커피 노원역점,205390.285338416,461626.244911047,폐업,2021-03-19,2023-03-27,141.03495931029124
3090000-104-2013-00035,(주)이디야 도봉구청점,203953.833720651,462675.950480622,폐업,2013-07-04,2022-11-08,160.10747404442876
3090000-104-2012-00009,이디야창동중앙점,204023.562241856,461147.294725779,폐업,2012-03-08,2023-02-21,46.11193030546487
3100000-104-2017-00069,이디야노원중앙점,205852.148485642,461611.262019543,폐업,2017-04-04,2025-03-31,352.2986950975032
3100000-104-2007-00046,이디야은행사거리점,206793.654960991,460899.837225908,폐업,2007-10-05,2023-05-26,1193.7232120583699
3240000-104-2015-00186,빽다방 둔촌동역점,211863.996107162,447092.251026265,폐업,2015-11-09,2024-01-16,226.08152480068594
3040000-104-2016-00248,매머드익스프레스건대역점,205970.711970786,448777.128518132,폐업,2016-11-28,2019-08-30,120.14385028909575
3100000-104-2012-00122,이디야원자력병원점,206948.010916259,458283.894144704,폐업,2012-10-29,2022-10-07,591.9792964950686
3090000-104-2015-00029,이디야(도봉중앙점),203888.163049788,464649.181808576,폐업,2015-04-15,2025-03-31,536.2618763641209
3100000-104-2016-00185,이디야중계중앙점,206324.595951422,461091.913391026,폐업,2016-10-11,2023-12-14,933.4878662004204
3130000-104-2010-00139,이디야 홍대점,193187.802952358,450172.178899424,폐업,2010-08-31,2022-09-05,327.80532831736076
3220000-104-2008-00105,이디야양재스타클래스점,203092.721986278,442550.634567769,폐업,2008-06-02,2019-04-19,77.21700059064347
3220000-104-2017-00397,만랩커피 역삼래미안점,204355.979016493,443924.280688408,폐업,2017-06-12,2024-10-07,289.58163653960446
3160000-104-2012-00109,이디야 구로중앙점,190381.458298972,443104.16011184,폐업,2012-10-08,2024-05-29,388.19805750947586
3220000-104-2011-00451,이디야커피 수서역점,209052.072465426,442797.138150563,폐업,2011-10-28,2024-07-11,161.79119589150235
3130000-104-2011-00083,이디야마포Kcc점,195729.493881417,448955.17308073,폐업,2011-04-15,2018-06-26,39.09054868358927
3220000-104-2009-00267,이디야 역삼상록점,203823.179945571,444690.596663013,폐업,2009-09-16,2024-02-13,367.0114657915668
3220000-104-2014-00516,이디야커피 대치은마사거리점,205336.355,443934.37,폐업,2014-11-27,2018-09-28,390.76429314219536
3220000-104-2018-00271,이디야커피(2018서울머니쇼),205130.591678902,445590.096837802,폐업,2018-04-19,2018-05-14,226.6222118106773
3220000-104-2018-00456,매머드익스프레스 선릉한신점,204044.789948927,444529.84042741,폐업,2018-06-26,2025-01-09,203.29590874375126
3220000-104-2013-00022,이디야 압구정점,202309.08215143,446951.990133931,폐업,2013-01-22,2023-06-07,206.77954882344517
3130000-104-2012-00185,이디야광흥창역,193905.437192262,449372.496499689,폐업,2012-09-26,2024-06-12,97.44417740712929
3220000-104-2017-00344,(주)매머드커피랩,205130.591678902,445590.096837802,폐업,2017-05-17,2017-06-12,226.6222118106773
3130000-104-2009-00115,이디야커피서강대점,194391.608674023,449939.26799234,폐업,2009-08-14,2023-04-24,177.0464811602404
3130000-104-2012-00016,이디야,195900.709427813,449728.629171661,폐업,2012-01-09,2022-06-16,467.16219775121374
3220000-104-2017-00388,이디야커피 신사점,201851.18,446049.025,폐업,2017-06-07,2024-06-04,133.33066382396703
3220000-104-2017-00518,이디야 대치역점,205375.927567659,443549.378583141,폐업,2017-08-02,2021-06-07,173.22664040053027
3160000-104-2013-00045,이디야커피 개봉중앙점,187096.24088837,442707.912976121,폐업,2013-06-10,2024-05-01,799.4471020022389
3130000-104-2010-00050,이디야,194224.210759149,450250.907145243,폐업,2010-04-30,2025-01-02,147.92309382122716
3130000-104-2007-00125,이디야커피전문점,190250.875091908,453017.867202928,폐업,2007-12-14,2025-04-25,491.62235305094885
3220000-104-2017-00243,이디야강남세곡점,208859.48,440518.109999999,폐업,2017-04-24,2023-05-18,2295.47620093147
3050000-104-2015-00148,빽다방 외대역점,205420.589934149,454834.765822856,폐업,2015-10-30,2023-01-30,129.7805978216438
3220000-104-2014-00120,이디야 역삼초교점,202746.040061587,443281.216979897,폐업,2014-04-10,2021-05-10,564.5119679478432
3220000-104-2015-00286,커피에반하다(한티역점),204548.107828043,444115.032675106,폐업,2015-07-23,2017-08-30,340.75217026465907
3220000-104-2017-00131,이디야 선정릉역점,203702.477207367,445271.241490281,폐업,2017-03-06,2023-08-25,122.89576727352895
3050000-104-2018-00050,커피에반하다,205423.969491537,451556.210578255,폐업,2018-03-29,2024-07-01,577.5019191681536
3220000-104-2015-00069,이디야커피,204424.696602366,444593.605336523,폐업,2015-03-02,2022-07-21,196.36247303621897
3220000-104-2015-00367,컴포즈커피 대치학원가점,205271.870934962,444100.854765157,폐업,2015-09-09,2021-09-14,567.2026288430993
3220000-104-2018-00334,매머드익스프레스논현 원앤원점25호,201930.83505439,445229.33220481,폐업,2018-05-04,2020-01-22,230.333604674497
3220000-104-2017-00669,매머드커피 역삼GFC점 (125호),203207.24444991,444098.380981066,폐업,2017-09-21,2021-10-25,182.68021272588814
3220000-104-2011-00266,이디야 강남역지하상가점,203319.729227626,444338.162235023,폐업,2011-06-27,2020-08-20,180.4316879503943
3220000-104-2018-00228,빽다방 신사역점,201920.892754323,446392.504392579,폐업,2018-04-04,2022-01-26,419.90255136965425
3220000-104-2012-00131,이디야커피,204177.159918122,444853.134892354,폐업,2012-04-10,2024-02-20,175.5855466929675
3220000-104-2002-00202,이디야에스프레소,202271.694937929,444339.880973826,폐업,2002-10-01,2018-05-09,378.98693328730883
3220000-104-2006-00224,이디야(건설회관점),202946.808393471,446125.174367897,폐업,2006-12-20,2025-04-01,402.3058253843614
3220000-104-2011-00208,이디야커피,204828.002550249,444777.618635215,폐업,2011-05-16,2022-04-07,575.7573796050073
3220000-104-2004-00006,빽다방 논현지점,202056.105851493,444977.96960847,폐업,2004-01-14,2017-08-24,276.55311487947665
3220000-104-2011-00280,이디야커피,204347.745505813,444556.198086989,폐업,2011-07-04,2022-01-27,167.09757821818974
3160000-104-2018-00045,커피에반하다 구로개봉점,187416.31554783,443329.143116487,폐업,2018-04-11,2024-06-28,290.75549241789946
3160000-104-2017-00041,커피에반하다 구로디지털단지점,190880.117362333,442204.788273087,폐업,2017-03-13,2022-10-17,550.8501615697944
3160000-104-2017-00074,이디야 고대병원구로점,189611.660798297,443380.493084138,폐업,2017-05-18,2023-07-19,793.9621229207524
3160000-104-2015-00146,감성커피,190005.132500398,445250.538868558,폐업,2015-12-28,2024-12-02,314.69218746083953
3160000-104-2015-00052,컴포즈커피(compose coffee) 구로디지털2호점,190447.24866829,442558.310755613,폐업,2015-05-12,2024-10-21,491.07051120163504
3130000-104-2002-00008,이디야공덕점,195873.178423723,449351.242491119,폐업,2002-01-14,2024-07-09,378.29134752855117
3050000-104-2013-00014,이디야커피(답십리역점),204468.998618777,451783.297252042,폐업,2013-02-27,2023-04-28,200.76117086623185
3050000-104-2011-00019,이디야커피점,205821.493944261,451425.917121025,폐업,2011-03-14,2025-01-02,445.57112458709565
3050000-104-2011-00009,이디야 신설동역점,202165.405300438,452692.783720081,폐업,2011-02-15,2018-03-13,69.25765258242683
3050000-104-2009-00094,이디야 커피(이마트이문점),205396.363734301,455131.683241064,폐업,2009-12-10,2016-03-08,298.0398109812046
3130000-104-2016-00286,매머드익스프레스 상암DDMC점,190471.090857691,452911.904225602,폐업,2016-08-22,2025-02-27,361.4868744779349
3130000-104-2016-00297,커피에반하다(마포망원점),191573.169013313,450188.990292425,폐업,2016-08-30,2019-11-21,476.59776194804857
3220000-104-2016-00694,더벤티 삼성점,204966.354961328,445068.052135831,폐업,2016-10-19,2017-12-27,563.1573878506317
3220000-104-2016-00084,이디야,204950.322100627,445467.002723074,폐업,2016-02-23,2019-08-14,356.3316010047781
3050000-104-2013-00024,이디야커피전농뉴타운점,204313.869527831,452538.14193671,폐업,2013-03-25,2023-10-13,660.5488019806883
3050000-104-2007-00013,이디야회기역점,205310.579775544,454183.35022373,폐업,2007-04-17,2024-01-05,263.61101650638767
3220000-104-2016-00580,(주)매머드커피랩,205130.591678902,445590.096837802,폐업,2016-09-05,2016-09-09,226.6222118106773
3050000-104-2013-00097,이디야커피답십리사거리점,204974.071407858,452260.622710941,폐업,2013-10-14,2021-07-23,752.27915732996
3050000-104-2010-00119,이디야 외대대학원점,205114.830839822,455013.644655621,폐업,2010-08-25,2017-09-19,452.06881495707603
3220000-104-2016-00287,(주)매머드커피랩,205130.591678902,445590.096837802,폐업,2016-05-10,2016-06-03,226.6222118106773
3050000-104-2009-00051,커피에반하다 시립대점,204664.68148579,453517.113806252,폐업,2009-06-04,2020-12-03,730.4926306860895
3160000-104-2007-00054,이디야(구로에이스 지점),190688.747501289,442618.785745098,폐업,2007-10-12,2024-05-13,634.1429777379668
3130000-104-2007-00041,이디야마포데시앙점,195322.033365468,448969.110547126,폐업,2007-05-15,2024-01-22,305.44940381388574
3220000-104-2009-00210,이디야역삼스타점,203367.398474254,443765.970229336,폐업,2009-08-03,2017-08-29,550.3265499664659
3160000-104-2013-00031,이디야 구로디지털점,190310.335979497,442687.462340966,폐업,2013-04-24,2022-06-16,341.4446529195254
3240000-104-2017-00235,이디야커피 고덕래미안힐스점,212926.089912845,450751.524331915,폐업,2017-12-26,2023-05-30,767.1721311314695
3130000-104-2007-00007,이디야홍대중앙점,192937.426138742,450226.210530626,폐업,2007-01-22,2024-01-08,368.06179815335196
3050000-104-2006-00008,이디야,205341.673793045,454835.667578621,폐업,2006-02-22,2024-01-11,206.3112311340105
3150000-104-2018-00257,매머드익스프레스 우림블루나인(38호),187952.560027898,450562.020225978,폐업,2018-10-15,2020-12-30,221.60812203397123
3220000-104-2018-00705,감성커피(드링크타운),205130.591678902,445590.096837802,폐업,2018-10-08,2018-10-22,226.6222118106773
3170000-104-2022-00080,컴포즈커피 가산에이스태세라점,189551.828842866,441176.227446057,폐업,2022-08-24,2024-09-09,850.9242715615086
3160000-104-2011-00031,이디야(구로구청점),190099.217394597,443743.18319767,폐업,2011-04-11,2020-02-06,685.6593963291416
3160000-104-2014-00118,이디야 오류북부역점,186079.559805793,443702.009083588,폐업,2014-10-02,2025-04-23,153.5420712237759
3160000-104-2012-00075,이디야커피 구로코오롱점,190734.812272237,442305.230860115,폐업,2012-06-04,2021-10-01,628.2361267191046
3220000-104-2010-00213,(주)이디야이비에스점,204096.699106893,442714.510779264,폐업,2010-06-23,2017-07-04,57.94371721221634
3160000-104-2014-00129,이디야커피 구로AK점,189556.142460589,444208.154113814,폐업,2014-10-31,2021-10-25,354.51437146223714
3160000-104-2015-00017,이디야메르디앙고척점,187829.384737496,444534.727394834,폐업,2015-02-12,2023-12-28,934.4618959897157
3160000-104-2014-00055,이디야 오류남부점,186111.767660472,443399.922577307,폐업,2014-05-23,2024-10-07,202.04557717028572
3130000-104-2014-00287,이디야,193716.268830546,450209.141627082,폐업,2014-12-16,2019-12-27,489.28245938156465
3160000-104-2014-00136,이디야(천왕이펜하우스점),185713.902047377,442103.411241111,폐업,2014-11-19,2025-03-06,633.4494566468319
3160000-104-2014-00095,이디야커피 구일역점,188611.564007526,443658.176253167,폐업,2014-08-14,2024-11-05,251.96785665030225
3130000-104-2013-00206,마포연남점빽다방,192995.184011986,450856.32509988,폐업,2013-12-04,2019-02-22,402.8181542153764
3130000-104-2013-00088,이디야커피(마포구청점),191337.868996616,451395.153092798,폐업,2013-06-07,2024-12-23,149.13308171293187
3160000-104-2016-00147,개봉북부역점 이디야커피,187468.900421511,443794.942617374,폐업,2016-08-29,2022-04-27,182.28633233530923
3130000-104-2012-00208,이디야,192993.204599803,450066.061220308,폐업,2012-11-02,2024-04-17,473.7371123897456
3130000-104-2017-00340,이디야커피 대흥역점,194836.504277697,449466.445375841,폐업,2017-09-13,2023-08-11,34.18793198648224
3130000-104-2014-00258,빽다방마포용강점,194916.669239951,448630.7413931,폐업,2014-11-10,2020-04-28,245.90323695894662
3130000-104-2017-00293,커피에반하다(마포상암점),190125.564768858,453090.149821248,폐업,2017-08-11,2018-02-28,596.5726855813252
3130000-104-2017-00249,커피에반하다마포공덕점,195900.709427813,449728.629171661,폐업,2017-07-03,2020-10-06,467.16219775121374
3160000-104-2019-00004,감성커피 천왕역환승센터점,185670.856801526,442732.976383067,폐업,2019-01-03,2024-09-26,7.971483516858541
3130000-104-2018-00379,커피에반하다 서강대점,194391.759338889,449915.850101405,폐업,2018-11-13,2020-02-04,184.86972952519903
3200000-104-2018-00207,커피에반하다 녹두거리점,194243.0083911,440767.696969608,폐업,2018-12-21,2022-09-08,363.81919718760986
3170000-104-2018-00144,만랩커피 가산우림라이온스점,189538.020935968,441982.427934953,폐업,2018-11-12,2021-10-14,48.28374687992253
3000000-104-2020-00156,매머드 익스프레스(연건동점),200099.032850302,452925.449270507,폐업,2020-11-27,2022-12-07,387.4333345969006
3160000-104-2020-00197,이디야커피 구로하버라인점,184394.439329436,442081.173738885,폐업,2020-12-14,2025-03-06,1254.1100149844938
3240000-104-2021-00012,더벤티,211835.981249432,447143.431610694,폐업,2021-01-13,2024-01-23,200.3631884840796
3210000-104-2020-00312,만랩커피 서초법원점,201146.11709612,443615.16482653,폐업,2020-11-23,2022-10-31,116.75593693068187
3170000-104-2020-00127,이디야 에이스가산포휴점,189202.181652324,442562.722742062,폐업,2020-12-01,2023-07-11,531.411717450974
3130000-104-2021-00021,매머드익스프레스 애오개역점,196103.712647329,450210.483409116,폐업,2021-02-03,2025-01-02,62.66384048843811
3150000-104-2021-00021,이디야 마곡디엠시티점,185827.239418328,451790.699502971,폐업,2021-01-26,2023-02-01,86.15946781833206
3220000-104-2022-00257,컴포즈커피 개포중앙점,206618.425209149,443390.560639694,폐업,2022-05-24,2024-06-03,298.7470140932325
3100000-104-2022-00073,매머드 익스프레스 태릉입구역점,206659.562560773,457357.219230872,폐업,2022-06-02,2025-01-08,187.39906804329328
3020000-104-2022-00059,이디야커피 이태원역점,199349.790762812,447999.806798101,폐업,2022-05-10,2024-12-27,86.94779691138794
3000000-104-2022-00067,메가엠지씨커피 종로점,199144.220972233,451977.335977568,폐업,2022-05-11,2024-09-25,95.80847121310897
3120000-104-2022-00101,빽다방 빵연구소 연세대SK국제학사점,194584.959249312,451381.585492051,폐업,2022-06-21,2023-02-28,600.8437499373152
3140000-104-2023-00286,더벤티(the Venti) 목동깨비시장점,187946.743092468,449577.791547018,폐업,2023-11-24,2024-01-03,274.45857401163636
