관리번호,사업장명,좌표정보x(epsg5174),좌표정보y(epsg5174),영업상태명,인허가일자,폐업일자,nearby_cafe_count
3010000-101-2022-00422,매머드커피익스프레스 장충동먹자골목점,200479.632428096,451095.901955919,폐업,2022-11-28,2024-11-27,8
3010000-101-2016-00386,만랩커피 을지로입구역점,198217.309166924,451709.930986481,폐업,2016-12-05,2022-11-23,21
3010000-101-2007-00116,이디야YTN점,197504.86505106,450658.592453316,폐업,2007-04-18,2023-09-07,15
3010000-101-2007-00024,이디야,197786.161406551,451886.574198533,폐업,2007-01-18,2022-06-24,11
3100000-101-2021-00048,더 벤티,205503.7223045,461314.576462526,폐업,2021-02-03,2024-06-03,17
3100000-101-1997-01867,이디야 에스프레소,205430.356783465,461479.613299751,폐업,1997-04-07,2023-01-31,18
3100000-101-2011-00165,이디야,204772.367380466,464080.593904719,폐업,2011-07-01,2018-03-19,4
3100000-101-2023-00202,감성커피 노원롯데캐슬점,206799.020098051,462509.638445514,폐업,2023-07-03,2024-07-03,5
3160000-101-2007-00206,빽다방(구로삼성IT점),190612.779366379,442662.421914354,폐업,2007-06-19,2017-03-30,12
3040000-101-1981-02511,이디야(중곡역점),207333.639771374,451464.267096677,폐업,1981-01-22,2023-07-25,9
3040000-101-2009-00208,어린이대공원역점 홍콩반점&빽다방,206322.32617093,449541.914006032,폐업,2009-07-02,2022-12-02,9
3040000-101-2022-00045,감성커피군자역점,206893.243768773,450355.212380878,폐업,2022-02-15,2024-11-15,9
3130000-101-1999-06927,이디야,193327.96005519,450134.152033878,폐업,1999-01-21,2018-08-30,13
3130000-101-2002-00757,이디야,191041.644341876,450459.367222629,폐업,2002-12-16,2023-12-29,3
3130000-101-2013-00714,이디야커피,193125.832537497,450720.602265804,폐업,2013-12-06,2023-01-17,13
3130000-101-2009-00346,이디야,193443.852794446,450457.094862042,폐업,2009-07-27,2022-12-02,11
3210000-101-2018-00345,빽다방 신사사거리지점,201626.186746896,445948.552865248,폐업,2018-08-02,2019-06-10,6
3210000-101-2012-00131,컴포즈커피 교대점,201389.939592064,443377.495674887,폐업,2012-04-02,2022-09-22,12
3210000-101-2005-00497,더벤티,201682.084788276,445350.656913916,폐업,2005-10-18,2020-06-10,8
3210000-101-1999-14274,"홍콩반점0410, 빽다방 강남역 서초점",202168.523433745,443992.861821658,폐업,1999-09-13,2017-11-09,9
3210000-101-2006-00306,이디야커피,201704.659299216,445410.827928434,폐업,2006-08-28,2018-02-19,7
3210000-101-1996-07033,이디야,203796.704036794,441582.10354952,폐업,1996-10-18,2016-04-21,4
3210000-101-2019-00019,빽다방 신논현역지점,201973.022241328,444684.700371579,폐업,2019-01-21,2019-06-10,7
3020000-101-2014-00133,빽다방남영역지점,197482.715568473,448876.940549786,폐업,2014-05-07,2021-06-15,5
3020000-101-1981-04525,이디야용산중앙점,196803.242305775,447023.962648698,폐업,1981-11-03,2024-03-07,7
3020000-101-1986-06308,빽다방서울역지점,197484.066786213,450200.423526439,폐업,1986-09-13,2019-03-29,4
3180000-101-2022-00530,더벤티 영등포구청점,190641.013239169,447188.60496999,폐업,2022-10-18,2025-04-15,18
3180000-101-2015-00513,매머드익스프레스남여의도점,193209.283508484,446474.956573488,폐업,2015-11-23,2020-09-02,6
3180000-101-2014-00356,매머드익스프레스선유도점,190558.055923606,448366.233223909,폐업,2014-09-02,2025-02-06,13
3180000-101-2017-00316,감성커피당산역점,190970.006584385,448119.321732582,폐업,2017-07-21,2025-02-10,14
3180000-101-2018-00156,감성커피,192558.271784626,444233.81892942,폐업,2018-04-24,2019-10-21,5
3180000-101-2019-00305,감성커피영등포문래점,190107.271463999,446454.594611755,폐업,2019-07-03,2021-02-17,7
3180000-101-2019-00266,매머드익스프레스여의도KBS본관점,192747.419300064,447054.988337321,폐업,2019-06-12,2023-03-13,9
3180000-101-2019-00279,만랩커피 문래GS점,190169.524017679,446574.378587989,폐업,2019-06-19,2024-05-09,15
3000000-101-2013-00033,이디야커피 청계천점,198502.872319959,451859.966105804,폐업,2013-02-15,2024-03-12,33
3000000-101-2014-00160,만랩커피 광화문 로얄빌딩점,197662.503910553,452189.09236786,폐업,2014-05-07,2023-05-11,10
3000000-101-2000-11357,이디야,198681.012391136,452731.165062803,폐업,2000-06-23,2017-11-01,5
3000000-101-2014-00144,이디야,199783.918141466,453483.532108771,폐업,2014-04-29,2019-09-02,6
3000000-101-2009-00161,빽다방 대학로점,200105.158,452895.274333333,폐업,2009-05-07,2022-09-29,6
3000000-101-2015-00241,종로구 숭인1호점 빽다방,201715.52953444,452484.380254535,폐업,2015-07-09,2020-09-10,9
3000000-101-1992-06474,이디야청계광장점,198119.936679056,451902.693235315,폐업,1992-06-05,2021-01-18,18
3030000-101-2001-06745,이디야커피(금호역점),201504.910765224,449574.878021141,폐업,2001-02-06,2021-05-27,4
3030000-101-2005-00054,이디야 답십리로데오점,204572.468581227,451288.717634418,폐업,2005-03-28,2024-01-30,4
3060000-101-2020-00063,감성커피 상봉점,207522.003991159,454614.703800827,폐업,2020-04-09,2025-04-08,10
3060000-101-2012-00143,매머드커피묵동자이점,206777.731391054,456837.219624564,폐업,2012-07-19,2023-03-23,10
3060000-101-2003-00693,이디야(중화역점),206896.700735158,455647.890887537,폐업,2003-12-19,2023-11-03,9
3060000-101-2004-00571,이디야,207756.246635112,453630.785194671,폐업,2004-12-03,2023-07-11,9
3120000-101-2013-00142,매머드커피,196828.829637637,451670.514152007,폐업,2013-06-10,2019-05-20,6
3120000-101-2014-00294,빽다방(서대문역점),196840.383889937,451653.87389314,폐업,2014-12-09,2021-11-18,9
3120000-101-2015-00134,빽다방 이대정문점,195107.690300528,450756.291896813,폐업,2015-05-13,2020-12-24,6
3120000-101-2019-00219,감성커피 홍제역점,195045.660792095,453969.846574818,폐업,2019-07-16,2022-06-07,6
3120000-101-2011-00107,이디야커피 가좌역점,192430.747828561,451913.110479249,폐업,2011-05-04,2017-10-13,3
3170000-101-2019-00047,감성커피 금천시흥점,192045.604230377,438876.299174794,폐업,2019-02-25,2022-07-20,5
3230000-101-2023-00330,더벤티 잠실장미상가점,208707.089897534,446299.352775446,폐업,2023-05-10,2024-06-28,9
3230000-101-2015-00321,이디야커피 방이미성점,210775.452144611,444886.92475337,폐업,2015-07-10,2023-05-10,10
3230000-101-2012-00125,이디야커피 송파한양점,209971.561769881,444625.863105631,폐업,2012-04-02,2024-07-19,6
3230000-101-2018-00519,감성커피 방이역점,210903.816323612,445361.060904842,폐업,2018-07-24,2024-02-29,5
3070000-101-2024-00351,빽다방 성북우체국점,202482.840792153,456067.252354538,폐업,2024-08-13,2024-08-20,6
3070000-101-2002-00051,이디야 길음역점,202029.981799661,455605.716911266,폐업,2002-01-31,2019-12-03,3
3070000-101-2011-00240,이디야,201424.988220241,454071.021752091,폐업,2011-08-11,2022-02-09,9
3070000-101-2024-00447,빽다방 한예종석관점,205155.139567981,456508.891830093,폐업,2024-10-18,2024-10-19,7
3080000-101-2013-00217,이디야 광산사거리,201930.770048587,460020.981733386,폐업,2013-09-17,2023-02-10,9
3080000-101-2001-09059,이디야(삼각산점),201343.966010239,457508.846098196,폐업,2001-12-20,2024-09-24,8
3080000-101-2007-00123,이디야 수유1동점,201493.548940074,458597.485196888,폐업,2007-05-31,2023-10-10,4
3080000-101-2009-00145,이디야 커피,202536.541879297,456758.813670659,폐업,2009-06-02,2023-10-30,7
3080000-101-2019-00082,감성커피 미아민병원점,202337.148434207,457806.819119783,폐업,2019-04-11,2025-04-04,6
3090000-101-2021-00077,감성커피도봉점,203918.365043785,464475.731561079,폐업,2021-04-23,2023-04-19,5
3220000-101-2020-01526,매머드익스프레스 압구정점,202398.022535049,446869.307086395,폐업,2020-12-21,2023-01-16,6
3220000-101-2015-00871,매머드 익스프레스 선릉대림점,204181.823243711,444950.728644939,폐업,2015-09-30,2020-06-30,13
3220000-101-2012-00451,이디야커피 역삼GFC점,203207.24444991,444098.380981066,폐업,2012-06-13,2017-02-10,8
3220000-101-1989-17876,빽다방 멜로우 논현지점,202056.105851493,444977.96960847,폐업,1989-10-10,2017-07-07,7
3220000-101-2023-00466,주식회사 앤하우스 메가MGC커피(한시적),205130.591678902,445590.096837802,폐업,2023-04-03,2023-04-13,4
3220000-101-2005-00064,빽다방(청담영동고점),203546.514567012,446316.917431553,폐업,2005-01-25,2022-03-03,7
3220000-101-2015-00380,이디야커피(압구정로데오역점),203362.470743292,447255.500059519,폐업,2015-05-06,2022-10-17,3
3220000-101-2014-00412,빽다방 삼성동공항타워점,204981.823447481,445317.569993275,폐업,2014-05-09,2019-09-27,5
3220000-101-2015-00248,매머드 익스프레스 테헤란점(MAMMOTH EXPRESS),202852.696796033,444268.846317292,폐업,2015-03-26,2023-06-28,13
3220000-101-2015-00939,빽다방 대치청실점,205154.638096613,443439.981644506,폐업,2015-10-16,2017-09-13,2
3240000-101-2009-00420,이디야 굽은다리역점,212467.434115035,449047.681507441,폐업,2009-11-16,2022-12-20,6
3140000-101-2012-00319,이디야커피 서남병원점,185110.894254328,445597.867304429,폐업,2012-12-17,2023-01-16,3
3200000-101-2021-00067,컴포즈커피 봉천중앙점,194935.523379602,442196.00390157,폐업,2021-02-03,2024-10-25,9
3200000-101-2004-00517,이디야,194544.691396571,440901.965658555,폐업,2004-10-28,2018-01-16,6
3200000-101-2001-11392,이디야낙성대점,196588.666246939,441749.702697104,폐업,2001-10-25,2017-11-27,3
3050000-101-2010-00176,이디야경희대점,204569.432296208,454399.29339359,폐업,2010-06-03,2017-08-23,6
3050000-101-2024-00013,메가엠지씨커피 동대문구청점,203340.686374876,452607.843299182,폐업,2024-01-15,2024-02-15,5
3110000-101-2020-00018,감성커피 불광역점,193687.83561561,456469.658454439,폐업,2020-01-14,2022-05-09,7
3110000-101-1991-05360,이디야,192950.245106038,456287.998883901,폐업,1991-11-08,2024-10-04,9
3110000-101-2004-00208,컴포즈응암오거리점,192565.042051109,454222.084119125,폐업,2004-06-28,2021-12-28,10
3110000-101-2002-00450,이디야,192144.782048469,456791.43331642,폐업,2002-10-28,2017-07-05,2
3130000-104-2017-00065,커피에반하다 홍대점,193280.853739988,450136.139175705,폐업,2017-02-27,2022-02-08,16
3130000-104-2017-00322,이디야 성산중앙점,192567.210922042,450896.344372486,폐업,2017-09-04,2024-11-18,5
3130000-104-2017-00415,매머드커피 마포중앙도서관점(129호),191843.829548101,451282.5581689,폐업,2017-11-16,2022-02-08,5
3100000-104-2018-00187,이디야월계초교점,204376.414367095,458295.225158013,폐업,2018-11-29,2023-10-18,4
3140000-104-2018-00175,더벤티킴스클럽목동점,188977.171050288,447466.355031447,폐업,2018-11-20,2023-02-08,7
3170000-104-2019-00007,만랩커피 독산점,189920.528610917,440521.85524888,폐업,2019-01-11,2023-03-06,8
3100000-104-2019-00014,커피에반하다,205368.388442949,461774.111086211,폐업,2019-01-21,2021-05-28,13
3090000-104-2019-00016,커피에반하다,204063.565019682,461204.628081227,폐업,2019-01-25,2021-03-30,9
3070000-104-2019-00043,만랩커피 홈플러스월곡점,203502.004139568,455500.568972657,폐업,2019-03-05,2023-03-09,6
3220000-104-2019-00106,만랩커피 삼성싹아트홀점,204849.998753087,445280.596880852,폐업,2019-02-27,2023-03-09,6
3150000-104-2019-00013,더벤티 마곡점,185095.247005248,450885.058431205,폐업,2019-01-14,2021-05-28,16
3140000-104-2019-00040,메가엠지씨커피 오목교역점,188688.879646658,446994.404068885,폐업,2019-03-22,2023-10-16,11
3230000-104-2019-00011,이디야커피 방이시장점,209987.831311221,445521.28452478,폐업,2019-01-08,2024-02-06,9
3130000-104-2019-00064,메가 엠지씨 커피 합정역점,192351.519505378,449683.522663289,폐업,2019-03-06,2022-08-19,11
3110000-104-2019-00026,커피에반하다(갈현주민센터점),192640.605262496,457921.381332144,폐업,2019-02-14,2024-06-03,10
3100000-104-2019-00039,커피에반하다,205341.384982763,460838.369137318,폐업,2019-03-05,2023-01-19,7
3220000-104-2019-00186,만랩커피 선릉역점,204662.747132837,444764.093388357,폐업,2019-03-28,2020-05-11,11
3020000-104-2023-00150,매머드익스프레스(숙대점),196977.364024383,449175.637803411,폐업,2023-08-21,2024-11-27,4
3130000-104-2023-00241,매머드익스프레스 공덕동점,195782.167947617,449467.125357845,폐업,2023-08-09,2025-03-11,11
3040000-104-2019-00021,커피에반하다,206826.516479071,450178.536506659,폐업,2019-02-07,2022-01-20,5
3130000-104-2019-00074,커피에반하다 구수사거리점,193889.040661907,449277.876757706,폐업,2019-03-13,2023-03-29,4
3180000-104-2019-00044,매머드익스프레스(여의도공원점),193259.164012388,447503.839457813,폐업,2019-03-07,2022-04-18,7
3160000-104-2019-00035,감성커피 개봉역사점,187525.339802832,443643.833213749,폐업,2019-03-04,2022-06-16,12
3110000-104-2019-00043,커피에반하다(녹번환희점),194408.745928276,455650.210095834,폐업,2019-03-18,2024-08-05,4
3130000-104-2019-00051,만랩커피 홍대입구점,193683.435734563,450316.440468253,폐업,2019-02-26,2021-01-11,8
3040000-104-2019-00130,이디야뚝섬유원지역점,205877.28221374,447919.248318372,폐업,2019-06-13,2024-06-28,4
3210000-104-2019-00164,이디야(서초우면중앙점),201366.787271804,439366.70531764,폐업,2019-06-03,2024-11-11,2
3230000-104-2019-00189,이디야커피 송파 헬리오 시티점,209219.191144283,444182.219682377,폐업,2019-05-28,2021-05-20,5
3230000-104-2019-00121,이디야 문정문현점,211132.533390588,442002.841604704,폐업,2019-04-11,2024-06-17,7
3070000-104-2019-00097,커피에반하다 하월곡동점,203067.206072379,456073.860639591,폐업,2019-06-04,2023-04-24,11
3120000-104-2019-00097,더벤티서대문역점,196828.829637637,451670.514152007,폐업,2019-05-21,2023-05-03,10
3220000-104-2019-00256,주식회사 매머드커피랩,205130.591678902,445590.096837802,폐업,2019-04-26,2019-05-20,6
3020000-104-2019-00077,이디야커피삼각지역점,197514.145785647,448264.322314594,폐업,2019-06-05,2022-08-12,4
3150000-104-2019-00142,커피에반하다,185150.32136415,450822.870557532,폐업,2019-05-17,2024-02-15,16
3120000-104-2019-00094,메가엠지씨커피홍제역점,195107.573772626,453992.907306991,폐업,2019-05-16,2020-08-25,5
3130000-104-2023-00190,드라이빙 앤 컴포즈커피 마포구청점,191409.240701388,451377.18304308,폐업,2023-06-16,2024-04-18,7
3110000-104-2012-00020,이디야 연신내역점,192900.782483613,457444.185417139,폐업,2012-02-28,2020-09-23,10
3110000-104-2009-00094,이디야이마트은평점,192882.837727443,455340.54056388,폐업,2009-11-20,2024-09-23,11
3120000-104-2012-00042,이디야 홍제점,195100.775388874,453908.668090057,폐업,2012-03-09,2023-09-01,6
3010000-104-2011-00121,이디야 충무로3가점,199157.146978682,451143.211003166,폐업,2011-07-04,2024-01-08,20
3010000-104-2016-00092,만랩커피,199274.744782333,451438.400670379,폐업,2016-03-17,2018-02-22,10
3110000-104-2010-00118,이디야(연신내점),192762.8128384,457402.234755153,폐업,2010-08-16,2016-09-06,5
3210000-104-2015-00222,THE VENTI(더 벤티) 교대점,201295.700037578,443474.524864903,폐업,2015-09-16,2024-04-09,13
3140000-104-2015-00071,이디야커피신정역점,187082.051039049,446981.829794841,폐업,2015-05-26,2022-09-19,6
3010000-104-2012-00161,이디야커피,199272.350281075,450950.170297912,폐업,2012-09-20,2024-11-25,17
3010000-104-2011-00022,매머드 익스프레스 퇴계로점,200277.835594229,451316.340340698,폐업,2011-02-15,2019-06-04,7
3020000-104-2014-00111,이디야 한강진역사,199976.641457811,448731.858551578,폐업,2014-10-13,2019-11-06,1
3110000-104-2013-00092,이디야,193103.427054842,459986.856034813,폐업,2013-10-18,2022-12-22,1
3120000-104-2014-00109,이디야커피 홍은중앙길점,195361.607735602,455246.102082101,폐업,2014-08-07,2021-08-27,3
3020000-104-2015-00105,더벤티코리아,197015.117885427,449162.011118867,폐업,2015-11-16,2022-05-12,4
3140000-104-2011-00148,이디야(오목교역점),188954.524397407,446824.338404844,폐업,2011-09-30,2023-09-26,5
3110000-104-2015-00011,이디야 커피(독바위역점),194042.098056639,457314.080047051,폐업,2015-02-05,2023-01-30,2
3140000-104-2016-00246,이디야커피목4동점,188099.042234543,448591.302073883,폐업,2016-11-17,2024-10-11,5
3140000-104-2012-00147,이디야 CBS점,188871.512837973,447348.13213342,폐업,2012-12-13,2023-03-23,10
3020000-104-2015-00081,빽다방 신용산역점,197043.070567006,447583.735611074,폐업,2015-09-10,2022-03-28,6
3020000-104-2016-00086,빽다방,196506.975091736,448157.36945739,폐업,2016-07-12,2018-03-05,3
3010000-104-2018-00147,이디야커피 약수역점,200958.815664612,450254.293571435,폐업,2018-05-23,2024-09-23,6
3110000-104-2014-00097,이디야 응암중앙점,192568.183164958,454016.689865438,폐업,2014-10-10,2024-10-23,10
3110000-104-2017-00127,이디야,192144.782048469,456791.43331642,폐업,2017-07-05,2022-08-25,3
3070000-104-2009-00013,이디야성신여대역점,201342.102885448,454603.051999187,폐업,2009-03-27,2017-10-23,4
3110000-104-2018-00034,커피에반하다(응암서부병원점),193223.487527244,455229.001358152,폐업,2018-03-05,2022-03-16,6
3140000-104-2017-00150,더벤티킴스클럽목동점,188977.171050288,447466.355031447,폐업,2017-09-18,2019-12-04,6
3020000-104-2014-00072,이디야 용산아스테리움점,197177.441827434,447264.444809335,폐업,2014-06-23,2017-05-11,6
3210000-104-2011-00216,이디야커피 양재우면점,203268.908269935,441690.283159014,폐업,2011-11-02,2016-10-06,1
3140000-104-2014-00030,이디야커피,186022.845067592,446241.819507065,폐업,2014-03-04,2023-01-13,5
3110000-104-2013-00016,이디야 에스프레소,193671.151835754,456443.282712175,폐업,2013-02-25,2023-10-19,10
3140000-104-2018-00030,커피에반하다,185272.980783767,446741.823422554,폐업,2018-02-28,2024-10-10,4
3210000-104-2014-00020,이디야커피(EDIYA COFFEE),203494.359793635,440771.039835881,폐업,2014-02-07,2021-12-10,3
3110000-104-2015-00113,이디야,193296.847623863,457624.618620068,폐업,2015-08-10,2023-10-25,9
3110000-104-2013-00103,이디야,190774.119177382,453295.781525013,폐업,2013-11-01,2024-11-27,9
3110000-104-2013-00114,이디야 커피(연신내 중앙점),193105.199725994,457192.152290266,폐업,2013-11-29,2023-07-19,12
3210000-104-2015-00315,빽다방,203837.230301069,441539.1933305,폐업,2015-11-24,2016-04-26,4
3120000-104-2015-00101,이디야커피 무악재역점,195487.053824097,453420.848391128,폐업,2015-07-10,2024-07-01,4
3210000-104-2013-00044,이디야(EDIYA COFFEE),199059.644180682,444396.094036908,폐업,2013-04-01,2022-06-13,1
3070000-104-2010-00134,이디야커피 한성대역점,200645.918769282,454135.508838328,폐업,2010-12-07,2024-04-02,5
3000000-104-2009-00135,이디야(동대문역점),200685.734152413,452136.400405769,폐업,2009-11-25,2019-05-28,7
3010000-104-2016-00118,이디야커피숍 명동중앙2호점,198793.839451057,451072.1392557,폐업,2016-04-22,2023-02-14,19
3140000-104-2014-00020,이디야커피,184783.397041118,448230.469938283,폐업,2014-02-17,2018-12-11,2
3140000-104-2011-00046,이디야목동역점,187810.102163123,447103.079668939,폐업,2011-04-12,2024-04-15,6
3010000-104-2015-00174,빽다방 광희동사거리,200448.215888466,451387.090356969,폐업,2015-10-14,2019-09-19,7
3140000-104-2016-00205,이디야커피목동남부점,187971.561450511,445180.40867328,폐업,2016-08-30,2023-08-31,3
3120000-104-2013-00134,이디야동교동점,193547.297910388,450712.127464174,폐업,2013-12-02,2023-08-07,8
3120000-104-2015-00122,이디야커피(독립문통일로점),196472.739619678,452113.046976794,폐업,2015-08-12,2023-02-28,2
3070000-104-2019-00083,더벤티 성신여대점,201467.253780552,454489.790802176,폐업,2019-05-22,2023-08-07,12
3160000-104-2019-00162,컴포즈커피 구로한영시티점,190811.754668537,442118.236573158,폐업,2019-10-01,2020-12-23,13
3140000-104-2019-00138,커피에반하다 신정네거리점,187086.000566034,446599.337231584,폐업,2019-07-16,2023-06-01,11
3060000-104-2019-00135,이디야 양원남부점,209417.812611365,455648.198276927,폐업,2019-08-08,2023-05-03,5
3150000-104-2019-00208,매머드 익스프레스 화곡메가박스점,185574.937191115,448716.274685045,폐업,2019-07-26,2021-07-19,5
3120000-104-2019-00163,이디야 이화여대점,195167.079408119,450633.914892119,폐업,2019-08-19,2024-08-16,10
3150000-104-2019-00247,커피에반하다,184514.388814902,450797.722244176,폐업,2019-08-28,2023-10-20,13
3210000-104-2019-00261,매머드커피,203392.793460583,440676.379919661,폐업,2019-09-04,2019-09-10,3
3170000-104-2019-00105,매머드 익스프레스 갑을그레이트밸리점,189982.344533404,441928.69040241,폐업,2019-06-26,2024-06-18,22
3220000-104-2022-00162,이디야커피 삼성중앙역점,204638.735,445739.79,폐업,2022-04-07,2025-03-28,4
3180000-104-2024-00346,이디야,193326.931018911,446973.914570276,폐업,2024-10-18,2024-11-20,11
3110000-104-2024-00155,이디야 백련산아이파크점,192465.363063754,454894.818175461,폐업,2024-10-18,2024-10-19,13
3230000-104-2024-00395,(주)매머드커피랩,210199.45921923,446539.279382444,폐업,2024-10-24,2024-11-03,3
3240000-104-2024-00224,매머드 익스프레스 암사점,211252.499429603,449861.448298428,폐업,2024-11-13,2024-12-06,8
3090000-104-2020-00067,이디야 창동블루핀점,204308.803324021,462013.490422468,폐업,2020-08-03,2024-09-03,2
3230000-104-2016-00009,커반(커피에반하다),206932.357872339,445301.060651942,폐업,2016-01-06,2019-02-27,3
3120000-104-2012-00123,이디야 가재울점,192139.514479125,452473.848199077,폐업,2012-10-09,2024-05-08,6
3030000-104-2015-00038,이디야커피 뚝섬역점,204242.211382768,449457.3213247,폐업,2015-04-21,2024-07-25,11
3020000-104-2006-00003,이디야,196920.745916732,449209.513689564,폐업,2006-03-02,2020-11-12,2
3020000-104-2017-00016,만랩커피나미브(10000LAB X NAMIB),198746.734021309,448690.838923479,폐업,2017-02-01,2021-06-22,1
3120000-104-2008-00066,카페이디야,193224.910587162,453018.478353222,폐업,2008-08-07,2017-10-31,3
3140000-104-2016-00091,커피에반하다양천신월점,185511.223568273,446283.271989441,폐업,2016-05-10,2025-01-31,4
3120000-104-1999-03889,이디야,195124.438236336,450532.009946368,폐업,1999-06-29,2021-05-21,7
3140000-104-2011-00166,이디야신정교점,188775.802463919,446300.797031525,폐업,2011-11-10,2024-03-04,4
3030000-104-2011-00027,이디야행당점,202909.320149389,450643.152428876,폐업,2011-05-09,2023-08-31,9
3010000-104-2009-00024,이디야커피 IBK점,198743.086421493,451579.913748821,폐업,2009-02-26,2020-07-22,21
3120000-104-2017-00164,이디야커피 가좌역점,192430.747828561,451913.110479249,폐업,2017-10-13,2021-11-24,4
3010000-104-2014-00068,이디야 청구역점,201099.759440018,450833.306115568,폐업,2014-04-09,2024-04-01,5
3140000-104-2016-00027,이디야커피목동등촌로점,187795.606359804,449279.057082134,폐업,2016-03-04,2022-11-18,6
3030000-104-2009-00063,이디야커피(한양대점),203601.487016216,450852.830007464,폐업,2009-09-14,2023-12-29,7
3140000-104-2015-00009,커피에반하다,187619.993071747,445879.054862903,폐업,2015-01-14,2021-08-20,4
3140000-104-2015-00019,커피에반하다,188879.448572755,446808.521815814,폐업,2015-02-06,2016-06-15,3
3030000-104-2013-00090,이디야성수2가점,204799.750078838,448317.872400495,폐업,2013-07-31,2022-08-19,3
3070000-104-2014-00088,이디야커피(국민대점),199965.28221496,456536.160168447,폐업,2014-07-29,2023-03-20,1
3070000-104-2014-00102,이디야카페(정릉아리랑점),201604.627294689,455202.849795642,폐업,2014-09-05,2023-05-11,4
3070000-104-2013-00013,이디야(EDIYA),205060.731432101,456432.184537298,폐업,2013-02-05,2023-03-24,6
3070000-104-2016-00073,감성커피,201422.756203753,454355.100629802,폐업,2016-06-02,2021-04-02,9
3070000-104-2014-00002,이디야커피동소문동점,201066.584474523,454414.343552494,폐업,2014-01-15,2024-11-28,11
3070000-104-2014-00126,이디야 상월곡역사점,204330.488275113,456085.349815294,폐업,2014-10-31,2019-10-29,2
3070000-104-2017-00012,이디야커피돈암아리랑점,201051.072165281,455205.325182072,폐업,2017-01-19,2024-06-27,3
3070000-104-2014-00026,이디야커피정릉뉴타운점,201548.495615664,455659.81785175,폐업,2014-03-26,2023-07-26,7
3180000-104-2006-00031,이디야,192785.997964211,447523.1165117,폐업,2006-05-11,2021-05-12,10
3120000-104-2001-10715,이디야에스프레소,193224.910587162,453018.478353222,폐업,2001-10-11,2017-10-31,3
3070000-104-2014-00120,이디야 고려대역사점,203120.220219624,454248.371932964,폐업,2014-10-16,2019-10-29,3
3210000-104-2009-00204,이디야커피 이수역점,198487.958709466,442537.940545589,폐업,2009-09-08,2019-11-11,6
3010000-104-2002-00072,이디야충무로점,199393.748061831,451020.317219361,폐업,2002-05-04,2021-05-27,16
3210000-104-2008-00027,이디야커피 BC카드점,201162.55241589,442589.558473708,폐업,2008-02-20,2020-03-20,5
3010000-104-2004-00003,이디야,198006.561974679,450734.150359974,폐업,2004-01-14,2019-05-21,8
3070000-104-2013-00102,이디야커피,202667.468802014,455858.920803881,폐업,2013-10-25,2023-08-07,7
3010000-104-2006-00158,이디야커피,198429.971915327,451654.194861108,폐업,2006-10-30,2017-12-29,18
3020000-104-2004-00072,이디야,196762.077394917,447480.039577359,폐업,2004-10-06,2021-10-05,6
3110000-104-2017-00021,감성커피 구파발점,192831.901570697,459170.418887077,폐업,2017-02-02,2022-02-04,6
3180000-104-2017-00170,더벤티서여의도점,193026.875747265,447427.783375434,폐업,2017-06-14,2021-01-05,11
3120000-104-2011-00115,이디야,193908.881732216,451782.315521616,폐업,2011-07-27,2023-11-29,3
3010000-104-2017-00250,만랩커피 덕수궁롯데캐슬점,197312.655183004,451257.223181993,폐업,2017-08-01,2023-07-25,17
3230000-104-2011-00277,이디야커피 방이점,209957.739828039,445503.385359995,폐업,2011-12-12,2018-11-08,4
3230000-104-2017-00035,커피에반하다 위례광장점,212609.377447603,441586.029967716,폐업,2017-02-03,2019-04-17,5
3230000-104-2010-00237,이디야커피,210112.095847264,445960.615515654,폐업,2010-08-05,2020-03-17,4
3230000-104-2017-00079,감성커피 위례광장점,212452.558599859,441411.906445707,폐업,2017-03-15,2019-03-25,7
3230000-104-2016-00137,이디야 위례아이파크점,212494.327675839,441590.062253247,폐업,2016-05-04,2024-01-09,7
3230000-104-2016-00371,이디야 석촌사거리점,209503.78418775,444592.294796448,폐업,2016-12-16,2024-03-26,12
3230000-104-2014-00078,매머드 익스프레스 장미상가점,208707.089897534,446299.352775446,폐업,2014-04-15,2022-06-14,6
3170000-104-2019-00173,메가엠지씨커피 시흥사거리점,191118.563171248,439101.864418089,폐업,2019-12-10,2019-12-30,5
3150000-104-2019-00344,이디야커피 등촌중앙점,187836.091897907,448212.63908177,폐업,2019-12-05,2024-08-20,10
3130000-104-2019-00347,이디야,193716.268830546,450209.141627082,폐업,2019-12-27,2023-01-16,5
3150000-104-2019-00302,이디야커피(강서가양동점),185917.670740756,452084.848958002,폐업,2019-10-18,2023-04-03,4
3090000-104-2019-00104,이디야방학홈플러스점,203790.013568785,462495.417040876,폐업,2019-11-28,2022-04-05,6
3220000-104-2019-00757,매머드 익스프레스 강남오거리점,202248.952376047,444531.243373148,폐업,2019-11-07,2023-12-22,14
3220000-104-2019-00851,이디야 학동역점,202859.925095984,445869.508838485,폐업,2019-12-12,2019-12-19,3
3210000-104-2019-00292,만랩커피 남부터미널점,201347.665918617,442312.725051308,폐업,2019-10-17,2024-07-17,10
3060000-104-2022-00030,더벤티,208112.860200669,457113.638411288,폐업,2022-03-03,2022-10-21,4
3210000-104-2022-00035,이디야 방배 백석점,199913.128451027,441835.543393818,폐업,2022-02-04,2024-01-04,4
3150000-104-2024-00191,더벤티 등촌중앙점,187841.80382766,448320.727217783,폐업,2024-08-13,2024-09-05,7
3150000-104-2024-00155,컴포즈커피 양천향교역점,186124.389979166,451594.170002408,폐업,2024-07-05,2024-08-09,6
3150000-104-2014-00006,이디야커피까치산역점,186354.318029524,447736.830299049,폐업,2014-01-13,2016-10-27,3
3240000-104-2012-00015,이디야커피,211494.454146523,448831.521140103,폐업,2012-02-27,2021-01-22,4
3100000-104-2004-00060,이디야,205171.819268997,461220.88706693,폐업,2004-08-20,2019-12-24,10
3190000-104-2012-00005,이디야커피(총신대입구역점),198327.80931491,442795.71561313,폐업,2012-01-16,2024-09-23,11
3190000-104-2010-00060,이디야커피사당점,198294.096785509,442062.207077499,폐업,2010-07-01,2024-07-10,7
3190000-104-2012-00068,이디야(대림성모점),191803.524952767,443132.741584701,폐업,2012-08-10,2024-07-30,5
3240000-104-2010-00168,이디야커피 암사역점,211252.499429603,449861.448298428,폐업,2010-09-28,2023-07-24,6
3170000-104-2015-00074,금천시흥사거리점 빽다방,191077.569316308,439178.125476649,폐업,2015-09-11,2022-09-28,7
3240000-104-2011-00142,이디야천호역점,210871.293674366,448421.092547965,폐업,2011-08-17,2023-12-28,13
3190000-104-2012-00043,커피에반하다,193985.830623277,445754.430464912,폐업,2012-05-11,2022-02-28,4
3150000-104-2015-00222,감성커피 가양점,186501.233192961,451485.251875922,폐업,2015-12-22,2024-07-30,8
3150000-104-2017-00150,이디야 등촌동점,188079.524304513,449956.213811329,폐업,2017-05-19,2022-12-15,8
3150000-104-2015-00074,이디야 김포공항역점,182524.823835629,451438.25089679,폐업,2015-05-06,2020-05-08,2
3190000-104-2016-00151,이디야 이수중앙점,198088.602971262,442497.524877751,폐업,2016-08-09,2022-12-01,12
3150000-104-2017-00110,이디야 마곡나루역점,184646.580818167,451684.726858384,폐업,2017-04-14,2024-03-13,10
3150000-104-2017-00114,만랩커피 마곡LG사이언스파크점,185190.147480628,450940.390228923,폐업,2017-04-20,2022-07-04,18
3150000-104-2015-00011,이디야 염창역점,188872.058097899,449451.023714108,폐업,2015-01-28,2020-01-02,2
3170000-104-2013-00023,이디야(시흥대로점),191000.581021467,441543.623608127,폐업,2013-03-26,2022-04-12,2
3240000-104-2010-00124,이디야(강동SK허브점),211855.343463796,448152.725612274,폐업,2010-07-08,2022-04-01,10
3150000-104-2017-00135,이디야 마곡역점,184835.390794256,450858.680912443,폐업,2017-05-08,2023-07-27,21
3150000-104-2017-00286,커피에반하다 강서가양점,187733.160920858,450747.952249309,폐업,2017-09-20,2025-03-06,13
3190000-104-2014-00127,이디야 장승배기역점,194640.207759822,444787.248802668,폐업,2014-10-08,2022-03-17,4
3150000-104-2013-00177,이디야 송정역점,183138.805912097,451002.52504041,폐업,2013-12-18,2024-12-30,7
3150000-104-2017-00097,이디야 화곡남부시장점,187464.403178638,447877.710664426,폐업,2017-04-04,2024-07-08,6
3150000-104-2011-00157,이디야등촌3동점,186299.74267687,450792.016505679,폐업,2011-10-04,2023-04-21,6
3150000-104-2011-00072,이디야 개화산역점,182876.367858149,452247.393831256,폐업,2011-05-23,2022-12-20,7
3150000-104-2017-00057,이디야커피 화곡중앙점,186442.432351835,449289.842069874,폐업,2017-03-07,2023-05-04,9
3150000-104-2017-00061,이디야커피 마곡대방디엠씨티점,185827.239418328,451790.699502971,폐업,2017-03-09,2021-01-25,4
3150000-104-2017-00063,감성커피 마곡점,184824.275824197,450916.757855569,폐업,2017-03-10,2022-04-06,20
3170000-104-2013-00028,이디야커피 가산 그레이트점,189982.344533404,441928.69040241,폐업,2013-04-15,2023-06-16,19
3150000-104-2017-00219,만랩커피 마곡나루역점,184539.253003862,451830.533907327,폐업,2017-07-20,2021-07-02,9
3080000-104-2016-00081,메가엠지씨커피 미아방천시장점,202932.063714943,456736.152683307,폐업,2016-07-14,2022-10-14,9
3040000-104-2012-00060,이디야커피,206746.708330261,450141.931842062,폐업,2012-05-23,2023-10-27,9
3040000-104-2013-00035,이디야,206279.8211319,449481.157001217,폐업,2013-03-25,2023-10-05,7
3050000-104-2015-00122,회기역점 빽다방,204977.724963557,454216.9715514,폐업,2015-09-02,2020-02-12,6
3040000-104-2013-00032,이디야커피 자양사거리점,207369.576935296,448199.234475482,폐업,2013-03-12,2020-09-17,6
3220000-104-2011-00483,이디야,204170.278135097,444036.656041328,폐업,2011-11-24,2023-10-04,11
3150000-104-2018-00148,이디야,185292.76664368,450863.026923918,폐업,2018-07-06,2022-10-31,20
3150000-104-2014-00093,이디야커피 곰달래점,185665.130573245,447530.329627411,폐업,2014-07-08,2023-07-27,5
3080000-104-2013-00037,이디야커피(삼양시장점),201584.562239173,457984.365944,폐업,2013-08-22,2023-04-06,4
3040000-104-2015-00016,이디야커피구의동점,208324.939444793,448746.466638461,폐업,2015-02-05,2023-03-13,5
3240000-104-2009-00097,이디야(명일역점),212681.624988465,449827.101460261,폐업,2009-10-09,2021-12-16,6
3220000-104-2014-00083,이디야커피 테헤란로점,202731.24,444156.600000001,폐업,2014-03-13,2018-07-26,12
3220000-104-2014-00084,이디야커피 대치포스코2호점,204828.002550249,444777.618635215,폐업,2014-03-13,2016-08-03,9
3150000-104-2013-00028,이디야커피방화역점,183438.673656262,452893.622300597,폐업,2013-03-08,2023-02-28,5
3170000-104-2016-00034,이디야커피,189700.026948955,441229.110998601,폐업,2016-03-31,2021-11-23,6
3040000-104-2012-00034,이디야,205905.381939151,448686.69670371,폐업,2012-04-09,2024-11-11,12
3040000-104-2010-00077,이디야,206261.783269675,448948.065971929,폐업,2010-06-24,2021-09-03,10
3040000-104-2007-00061,이디야건대역점,206031.196548172,448731.099217371,폐업,2007-07-13,2024-12-24,15
3240000-104-2013-00140,이디야,215313.230134197,451469.210879017,폐업,2013-12-05,2024-01-04,5
3150000-104-2013-00172,이디야커피 목동사거리점,187868.192160081,447679.060113622,폐업,2013-12-09,2020-05-13,3
3170000-104-2010-00054,이디야 패션아일랜드점,189722.178532426,441920.972770099,폐업,2010-08-20,2016-01-05,7
3170000-104-2014-00080,이디야커피 가산디지털점,189364.095969911,441746.981529543,폐업,2014-08-22,2020-03-27,17
3100000-104-2014-00068,이디야 월계초교점,204376.414367095,458295.225158013,폐업,2014-05-29,2018-11-29,3
3220000-104-2018-00347,(주)매머드커피랩,205130.591678902,445590.096837802,폐업,2018-05-14,2018-06-04,4
3150000-104-2013-00165,커피에반하다,186378.231818091,450937.877207072,폐업,2013-11-20,2017-06-23,3
3040000-104-2015-00093,광진구청점 빽다방,207324.953590357,448395.067457312,폐업,2015-06-24,2017-08-01,5
3150000-104-2013-00051,이디야커피(화곡역점),185839.377143593,448776.177822354,폐업,2013-04-15,2021-11-29,7
3170000-104-2018-00083,커피에반하다,192305.78986397,438672.924851113,폐업,2018-06-26,2021-09-23,5
3100000-104-2015-00071,이디야커피(공릉중앙점),206953.775564133,457856.976031993,폐업,2015-06-24,2023-06-05,9
3170000-104-2015-00006,이디야커피숍,189417.708595762,442309.174987731,폐업,2015-01-20,2024-03-04,20
3170000-104-2018-00098,가산대륭19차점 이디야,189504.258704224,441390.738560411,폐업,2018-07-26,2023-09-20,17
3170000-104-2016-00042,메가커피,189982.344533404,441928.69040241,폐업,2016-04-14,2020-05-08,14
3170000-104-2018-00074,이디야 가산SK V1,189378.332493727,442066.99866487,폐업,2018-06-07,2023-05-26,23
3080000-104-2016-00017,이디야 커피(미아송천),201910.234747501,456898.788065585,폐업,2016-03-14,2023-10-05,4
3100000-104-2014-00135,이디야커피(화랑대역사점),207283.444093204,457509.134931641,폐업,2014-10-17,2019-10-24,7
3150000-104-2011-00058,이디야강서사거리점,187198.392326063,450314.997261936,폐업,2011-05-04,2023-03-23,5
3100000-104-2014-00130,이디야 커피전문점,205683.323154641,460038.745978448,폐업,2014-10-10,2022-01-11,5
3080000-104-2014-00079,이디야커피,201762.419935414,457441.244070216,폐업,2014-11-19,2023-05-24,8
3080000-104-2016-00031,이디야 커피,201186.272639371,460613.10848142,폐업,2016-04-15,2023-12-12,6
3100000-104-2015-00052,이디야커피 상계백병원점,205426.093098282,460800.073453941,폐업,2015-05-01,2021-08-22,5
3040000-104-2006-00027,이디야,206610.107204606,449361.893107443,폐업,2006-07-11,2024-03-28,8
3040000-104-2012-00009,이디야(광진구청점),207303.311997109,448617.656706563,폐업,2012-02-02,2023-12-01,9
3090000-104-2014-00081,이디야,203878.494392592,463945.292746792,폐업,2014-12-19,2024-12-02,2
3150000-104-2012-00056,이디야커피,185507.16039174,450080.816861473,폐업,2012-04-26,2020-11-02,4
3100000-104-2010-00039,이디야노원사거리,205270.719919314,461175.377243531,폐업,2010-04-28,2024-09-30,15
3090000-104-2014-00070,이디야도봉산역점,204046.780043721,465180.671733594,폐업,2014-10-14,2019-10-31,1
3100000-104-2007-00015,이디야 서울과기대점,206797.151290281,458441.087966784,폐업,2007-04-23,2023-04-19,9
3090000-104-2015-00059,창동현대타운이디야점,203079.403480819,460555.552646723,폐업,2015-08-10,2023-11-03,10
3090000-104-2015-00061,이디야커피 쌍문중앙점,203137.532832521,461065.523793098,폐업,2015-08-13,2024-05-03,7
3100000-104-2008-00072,이디야에스프레소,205461.088399616,461568.430565386,폐업,2008-12-09,2016-12-05,7
3040000-104-2017-00077,감성커피건대로데오점,205887.515523609,448665.598608443,폐업,2017-05-24,2023-02-21,10
3100000-104-2012-00050,이디야커피,205489.761880316,461349.75973809,폐업,2012-04-09,2023-04-06,17
3100000-104-2016-00099,이디야커피 하계온천점,206350.493353359,459768.681704353,폐업,2016-05-23,2023-08-17,7
3040000-104-2016-00216,이디야커피광나루점,209435.874794321,449554.195266349,폐업,2016-10-06,2024-01-16,2
3100000-104-2018-00032,이디야세이브존노원점,205994.811815848,459502.645279682,폐업,2018-03-15,2023-10-13,10
3090000-104-2017-00085,이디야커피방학사거리점,203663.222587199,462505.455032714,폐업,2017-10-20,2024-12-31,6
3090000-104-2012-00034,이디야커피도봉보건소사거리점,203356.110282156,461599.456980604,폐업,2012-07-11,2024-07-26,10
3100000-104-2012-00097,이디야 마들역,204962.052697783,462608.538123171,폐업,2012-08-14,2023-07-19,4
3230000-104-2010-00207,이디야커피,210986.460698452,441725.293491662,폐업,2010-07-01,2017-02-17,1
3180000-104-2018-00007,커피에반하다영등포로터리점,192005.696827851,446310.979954737,폐업,2018-01-08,2025-01-15,12
3230000-104-2009-00173,이디야 커피가락오벨리스크점,210712.567041314,443631.302105101,폐업,2009-08-31,2020-09-17,6
3230000-104-2017-00119,이디야 커피 송파 하비오점,210868.397496689,442053.227933005,폐업,2017-03-29,2024-06-17,8
3230000-104-2015-00193,빽다방 거여역점,212855.912417754,443448.004047101,폐업,2015-07-31,2020-12-01,2
3230000-104-2011-00147,이디야커피(이디야 가든파이브점),210480.282018702,441833.16323518,폐업,2011-06-29,2019-09-16,3
3180000-104-2017-00148,매머드커피여의도S점,193220.852226066,446743.134358836,폐업,2017-05-17,2024-07-22,9
3000000-104-2017-00112,메가엠지씨커피  안국역점,198742.385754743,452952.663773806,폐업,2017-05-18,2022-09-23,6
3000000-104-2017-00011,메가커피앤 디바이스,200034.584433852,453577.361028716,폐업,2017-01-20,2018-02-05,6
3060000-104-2018-00091,매머드커피사가정점,207729.175659582,453342.232542102,폐업,2018-07-09,2023-01-12,11
3000000-104-2018-00074,이디야 트윈트리타워점,198176.159239663,452574.67151361,폐업,2018-04-24,2023-08-28,6
3000000-104-2001-12023,이디야종로점,198877.098918771,451937.439505962,폐업,2001-07-07,2022-02-04,22
3180000-104-2017-00178,이디야커피신풍역점,192130.450702318,444196.675730792,폐업,2017-06-22,2024-06-12,7
3230000-104-2017-00431,이디야커피 송파잠실점,207880.980589508,444978.667534844,폐업,2017-10-23,2023-09-19,10
3230000-104-2014-00017,이디야커피 잠실월드점,209087.122362019,446139.152554604,폐업,2014-02-07,2022-05-18,9
3230000-104-2017-00489,이디야커피 문정중앙점,211103.477771477,442704.130721691,폐업,2017-12-07,2024-02-29,2
3210000-104-2010-00106,이디야,202503.871647418,443326.129565179,폐업,2010-05-27,2016-11-30,9
3230000-104-2018-00078,감성커피 방이사거리점,209726.884002074,445333.11700143,폐업,2018-03-13,2020-10-19,4
3000000-104-2008-00022,이디야,200099.736802632,452911.826843708,폐업,2008-03-20,2023-12-27,5
3000000-104-2012-00100,EDIYA(이디아)창신점,201077.908697738,452195.434877707,폐업,2012-07-16,2022-11-08,14
3180000-104-2014-00205,빽다방서여의도점,192831.478310557,447442.596366034,폐업,2014-12-10,2021-11-15,11
3060000-104-2012-00063,이디야망우동점,208616.651000986,455204.466330052,폐업,2012-10-24,2024-12-23,10
3060000-104-2012-00066,이디야(커피전문점),207461.714560571,452544.850851529,폐업,2012-11-07,2022-01-10,3
3180000-104-2008-00047,이디야커피,191087.758954321,446157.437289242,폐업,2008-04-11,2019-01-18,6
3180000-104-2010-00185,이디야커피,190791.225613055,446926.797172515,폐업,2010-10-27,2024-03-15,14
3180000-104-2010-00199,메가커피,191225.972022267,448224.673207614,폐업,2010-11-08,2020-11-30,6
3180000-104-2010-00114,이디야 커피 영등포로타리점,192100.09731637,446237.843470409,폐업,2010-07-07,2021-08-31,4
3210000-104-2017-00290,이디야커피 신논현역점,201982.976325002,444788.702273191,폐업,2017-06-27,2023-04-21,12
3210000-104-2016-00428,만랩커피 서초점(10000LAB COFFEE),202503.871647418,443326.129565179,폐업,2016-10-31,2021-10-21,9
3210000-104-2017-00330,만랩커피 서초교대점,200947.095007216,442884.973043075,폐업,2017-07-20,2019-11-14,9
3210000-104-2017-00269,커피에반하다 반포대로점,200632.55536119,442750.664380545,폐업,2017-06-12,2025-02-10,7
3180000-104-2013-00192,커피에반하다,191477.428913335,447859.066836843,폐업,2013-12-09,2021-02-15,3
3180000-104-2015-00098,빽다방문래동국점,190199.2294276,446496.865300952,폐업,2015-07-06,2021-07-06,7
3060000-104-2012-00047,이디야커피묵동점,206777.731391054,456837.219624564,폐업,2012-07-16,2023-05-02,9
3060000-104-2011-00078,이디야면목역점,207618.310653511,454106.058096969,폐업,2011-09-06,2022-01-10,7
3000000-104-2013-00014,이디야 동묘역점,201414.046576254,452312.837247358,폐업,2013-02-13,2024-08-13,15
3180000-104-2014-00071,이디야문래6가점,190107.271463999,446454.594611755,폐업,2014-05-19,2016-08-26,2
3000000-104-2011-00141,이디야,198150.300374121,452019.212642931,폐업,2011-10-31,2023-07-24,24
3000000-104-2013-00050,이디야커피(경복궁역점),197475.456683105,452713.481753987,폐업,2013-04-29,2023-03-02,7
3210000-104-2016-00329,10000LAB COFFEE(만랩커피 논현역점),201746.115408004,445505.987440094,폐업,2016-08-12,2019-08-28,8
3180000-104-2014-00041,이디야커피,191505.950229879,446364.951065599,폐업,2014-03-24,2023-12-28,17
3060000-104-2011-00028,이디야커피(상봉역점),207388.537653781,454836.937418686,폐업,2011-03-04,2022-02-07,5
3230000-104-2015-00025,이디야 삼전역점,208401.243206636,444512.866698716,폐업,2015-02-06,2025-03-06,8
3230000-104-2010-00327,이디야 석촌사거리점,209503.78418775,444592.294796448,폐업,2010-11-01,2016-12-14,3
3060000-104-2014-00098,이디야,208706.754264585,454777.272396908,폐업,2014-11-19,2023-12-07,4
3230000-104-2014-00266,이디야 (마천사거리점),212852.620762184,443990.574678948,폐업,2014-10-30,2023-05-01,2
3060000-104-2017-00050,매머드커피 서일대점(120호),208541.000160997,453774.85575892,폐업,2017-05-04,2022-07-01,4
3060000-104-2016-00089,감성커피중화역점,206879.949428237,455451.570535491,폐업,2016-06-15,2024-06-10,8
3180000-104-2014-00094,이디야커피(신길중앙점),192548.362984912,445556.316071268,폐업,2014-06-13,2024-08-12,7
3050000-104-2020-00002,더벤티 장안점,206522.763968502,452179.049138277,폐업,2020-01-02,2023-04-19,12
3150000-104-2019-00325,만랩커피 마곡역점,184572.413912003,450792.481822587,폐업,2019-11-05,2022-01-27,16
3150000-104-2020-00016,더 벤티(마곡수명산점),184585.651061065,450097.856259477,폐업,2020-01-21,2025-03-18,5
3010000-104-2020-00021,만랩커피 동평화 패션타운점,201098.076810057,451892.393411268,폐업,2020-01-21,2023-06-29,12
3210000-104-2020-00085,매머드익스프레스 남부터미널점,201162.55241589,442589.558473708,폐업,2020-03-23,2021-07-26,7
3130000-104-2020-00079,이디야커피 신촌그랑자이점,195024.767399686,450346.134756933,폐업,2020-03-31,2025-03-24,12
3150000-104-2020-00050,이디야 공진초점,184367.982740868,450720.166345256,폐업,2020-02-24,2024-03-13,12
3120000-104-2020-00007,이디야 아현역점,196030.361275336,450665.925027885,폐업,2020-01-14,2022-12-27,5
3080000-104-2022-00011,이디야 광산사거리점,201922.432010876,460169.987212613,폐업,2022-01-21,2024-01-29,6
3050000-104-2021-00171,더벤티 답십리사거리점,205049.095910832,452418.270436454,폐업,2021-12-15,2025-02-07,9
3180000-104-2021-00345,컴포즈커피여의도KBS점,192747.419300064,447054.988337321,폐업,2021-12-30,2023-12-08,11
3230000-104-2023-00201,컴포즈커피 석촌호수점,208551.947559076,444890.678006917,폐업,2023-05-18,2024-06-14,7
3080000-104-2023-00036,매머드 익스프레스 솔샘점,201359.587154701,457544.574556254,폐업,2023-04-27,2025-04-15,7
3150000-104-2017-00033,더벤티 발산역점,185693.810190204,450792.279496426,폐업,2017-02-06,2023-05-10,13
3150000-104-2015-00029,이디야커피 신방화역점,183902.043509212,451664.251457054,폐업,2015-03-03,2022-12-26,4
3150000-104-2017-00029,이디야 커피 마곡 엠밸리점,184345.724012817,451171.287709396,폐업,2017-02-03,2022-10-19,9
3150000-104-2016-00061,컴포즈커피(호서대점),185785.69948759,451147.208251482,폐업,2016-04-08,2019-08-21,6
3150000-104-2014-00179,이디야 우장산역점,185423.233970186,449519.629161816,폐업,2014-11-18,2023-02-10,7
3200000-104-2016-00159,커피에반하다 서울대입구역점,195473.034661719,442123.517997162,폐업,2016-09-05,2018-03-26,7
3200000-104-2016-00164,이디야 인헌점,197015.948286869,441394.18605618,폐업,2016-09-19,2024-06-18,6
3200000-104-2018-00103,더벤티,194428.912515539,440772.029815446,폐업,2018-07-13,2022-03-10,10
3200000-104-2014-00028,이디야커피 현대시장점,195208.974060903,442769.239488044,폐업,2014-03-18,2021-07-27,4
3200000-104-2017-00108,이디야 신림문화교점,193979.051892767,441819.455921104,폐업,2017-06-05,2023-06-12,5
3200000-104-2013-00129,이디야커피 당곡사거리,193654.447995374,443013.429722508,폐업,2013-11-25,2023-04-07,15
3200000-104-2014-00044,이디야 신림 신원점,193568.899365813,442070.694552412,폐업,2014-04-14,2024-08-26,14
3200000-104-2017-00153,이디야 신림남부초교점,193021.620526554,442360.277207379,폐업,2017-08-10,2024-09-02,6
3200000-104-2013-00121,이디야,196193.652287149,441868.220354805,폐업,2013-10-18,2023-10-26,8
3200000-104-2015-00122,커피에반하다 신대방역점,192324.246312004,442620.000672048,폐업,2015-09-16,2021-04-30,5
3200000-104-2013-00119,이디야커피 신림난곡점,192759.647509281,441154.136417329,폐업,2013-10-10,2024-12-23,6
3200000-104-2010-00042,이디야 서울대입구역점,195793.554018345,442281.682871214,폐업,2010-04-29,2022-02-16,8
3200000-104-2011-00089,메가엠지씨커피 신림역사거리점,193764.761470624,442488.438980658,폐업,2011-06-14,2021-10-07,11
3200000-104-2012-00033,이디야커피(사당중앙점),198274.871752809,441477.005178732,폐업,2012-04-19,2024-12-30,10
3200000-104-2008-00032,이디야,195759.872774126,441941.015435004,폐업,2008-06-30,2024-01-23,13
3200000-104-2014-00062,이디야커피 난향동점,192797.843704191,439852.868058712,폐업,2014-05-30,2023-07-14,1
3190000-104-2015-00123,컴포즈커피이수역점,198320.630192629,442660.152581982,폐업,2015-10-30,2019-02-28,7
3010000-104-2002-00165,이디야소공점,198297.833546642,451193.870359394,폐업,2002-10-25,2018-07-18,12
3110000-104-2018-00113,커피에반하다 은평진관점,193202.911898896,459204.649423461,폐업,2018-07-30,2022-07-21,4
3110000-104-2018-00122,만랩커피 응암점,193005.457764344,454209.073516346,폐업,2018-08-13,2019-11-19,4
3240000-104-2020-00022,이디야 암사3동점,212366.840633987,450251.758832252,폐업,2020-01-29,2023-08-02,5
3200000-104-2020-00065,메가엠지씨커피 봉일시장점,194589.164799307,442686.536822162,폐업,2020-04-13,2021-06-04,5
3020000-104-2020-00056,이디야용산후암점,197959.836762816,449698.375026945,폐업,2020-04-16,2023-11-23,6
3220000-104-2020-00292,만랩커피 수서점,208660.52025814,442636.120511247,폐업,2020-06-16,2024-08-19,8
3130000-104-2020-00140,더 벤티(아현점),195835.448021829,450370.13541991,폐업,2020-05-21,2024-04-17,10
3070000-104-2020-00070,이디야 북서울꿈의숲점,203957.267931295,457368.040549125,폐업,2020-05-19,2025-04-30,7
3040000-104-2020-00090,커피에반하다중곡제일점,207003.769644514,451311.662974486,폐업,2020-05-19,2024-05-13,5
3220000-104-2020-00182,매머드 익스프레스 역삼언주로점,203519.270921541,444294.842473848,폐업,2020-04-24,2024-09-12,19
3140000-104-2020-00090,목동신트리점 이디야커피,187158.467033065,445678.076325463,폐업,2020-06-01,2025-03-31,2
3010000-104-2020-00098,컴포즈 서울메트로타워점,197675.397522479,450448.56432183,폐업,2020-05-12,2025-01-06,15
3070000-104-2020-00074,이디야 길음중앙점,202571.112398571,456435.426313848,폐업,2020-05-28,2022-09-08,12
3090000-104-2021-00102,더벤티 방학사거리점,203690.554854495,462620.919700728,폐업,2021-10-25,2023-03-13,8
3240000-104-2021-00262,이디야커피 강동신명초교점,212967.198454297,448814.972105093,폐업,2021-10-26,2025-01-02,4
3220000-104-2021-00733,더벤티 개포점,205356.070386897,442238.420572967,폐업,2021-12-07,2024-02-07,1
3240000-104-2023-00041,만랩커피 성내점,211517.521169305,447448.001078738,폐업,2023-03-06,2025-04-17,8
3150000-104-2023-00064,이디야 강서교차로점,187198.392326063,450314.997261936,폐업,2023-03-23,2024-12-26,6
3170000-104-2023-00010,커피에반하다 신독산점,190868.333779445,441511.537559988,폐업,2023-02-06,2023-04-03,4
3210000-104-2023-00046,메가엠지씨커피 방배카페거리점,198675.267764301,443752.712313929,폐업,2023-02-16,2023-05-08,4
3040000-104-2024-00041,매머드익스프레스 건대중문점,206285.244746583,448995.386490889,폐업,2024-03-21,2024-11-08,15
3220000-104-2018-00568,만랩,205130.591678902,445590.096837802,폐업,2018-08-07,2023-04-05,5
3150000-104-2020-00164,매머드익스프레스 마곡지투프라자점,185327.013793106,450918.42280126,폐업,2020-06-30,2023-01-31,18
3110000-104-2020-00138,이디야(중앙점),194152.62309059,455682.161354414,폐업,2020-08-10,2024-06-11,8
3210000-104-2020-00194,이디야 포이점,203871.74,441497.465,폐업,2020-07-14,2024-05-07,7
3140000-104-2020-00146,매머드익스프레스 목동41타워점,188953.066831076,447333.569187997,폐업,2020-08-26,2022-02-24,12
3140000-104-2020-00126,이디야 목동로데오점,187892.354708086,447311.563663095,폐업,2020-07-31,2023-11-17,7
3220000-104-2020-00332,만랩커피 선릉아크로텔점,204181.823243711,444950.728644939,폐업,2020-07-06,2024-03-21,15
3060000-104-2021-00099,이디야 중랑경찰서점,209178.827973436,457253.36836438,폐업,2021-07-15,2023-10-04,2
3060000-104-2021-00093,이디야 면목경남아너스빌점,207044.704821363,452444.499410616,폐업,2021-07-07,2022-09-06,6
3240000-104-2021-00199,더 벤티,211334.386337341,449613.80607879,폐업,2021-07-30,2021-08-19,7
3130000-104-2021-00249,더벤티 마포망원점,191831.352522289,450600.01554229,폐업,2021-08-09,2023-09-06,12
3170000-104-2021-00069,만랩커피 가산한솔타워점,189881.714656576,441010.052948731,폐업,2021-06-28,2023-04-03,12
3110000-104-2021-00096,감성커피 녹번역점,194140.340023169,455375.622755975,폐업,2021-06-17,2023-07-10,9
3170000-104-2021-00053,매머드익스프레스 가산아이에스비즈타워점,189601.079212177,441193.941914277,폐업,2021-05-17,2021-09-17,8
3070000-104-2021-00091,메가엠지씨커피 성신여대점,201561.601951551,454303.502171833,폐업,2021-05-17,2022-05-20,11
3060000-104-2021-00060,감성커피 면목동점,207846.091039248,453315.347187881,폐업,2021-05-11,2023-04-07,9
3150000-104-2021-00115,이디야커피 내발산점,185501.192674693,450063.542909301,폐업,2021-04-26,2024-08-09,5
3070000-104-2021-00106,감성커피 성신여대점,201488.851031711,454421.439802388,폐업,2021-06-07,2023-04-05,11
3230000-104-2018-00343,더벤티 잠실장미상가점,208707.089897534,446299.352775446,폐업,2018-09-21,2021-08-18,7
3210000-104-2018-00309,이디야 교육개발원사거리점,203452.784631974,441787.636570501,폐업,2018-09-18,2024-06-10,6
3130000-104-2018-00312,만랩커피 마포점,195111.088138936,448644.311298762,폐업,2018-09-18,2022-10-04,11
3220000-104-2018-00681,이디야 강남자곡점,209044.652571876,441272.313972925,폐업,2018-09-27,2024-04-23,5
3170000-104-2020-00092,매머드익스프레스 에이스K-1타워점,189158.740846154,442283.977342742,폐업,2020-09-02,2021-10-18,12
3080000-104-2020-00084,커피에반하다,201713.050201227,460292.656640149,폐업,2020-09-10,2024-08-02,5
3210000-104-2020-00251,만랩커피(이수역점),198504.826881916,442641.079956283,폐업,2020-09-18,2024-05-22,12
3040000-104-2020-00172,만랩커피(중곡점),207591.234503587,451215.353635341,폐업,2020-09-21,2024-09-05,6
3180000-104-2020-00255,감성커피 서여의도점,192974.136279143,447585.389404675,폐업,2020-10-20,2025-01-23,10
3240000-104-2020-00212,감성커피 상일동역점,214299.644266879,450637.954760292,폐업,2020-10-19,2022-12-28,4
3220000-104-2020-00580,컴포즈,203403.748948936,446962.889853107,폐업,2020-11-09,2024-07-12,7
3240000-104-2020-00226,감성커피 고덕역점,213593.137875629,450274.382514974,폐업,2020-11-11,2023-11-20,7
3230000-104-2022-00335,컴포즈커피 잠실레이크팰리스점,208064.628654276,444995.650998844,폐업,2022-10-27,2024-01-25,8
3240000-104-2022-00224,컴포즈커피 천호공원점,211309.848894085,449245.604701345,폐업,2022-10-31,2023-01-06,6
3130000-104-2022-00273,메가엠지씨커피 마포 오벨리스크점,195111.088138936,448644.311298762,폐업,2022-10-04,2022-11-03,10
3140000-104-2022-00184,이디야커피 신정역점,187082.051039049,446981.829794841,폐업,2022-09-19,2024-01-05,4
3120000-104-2021-00029,더벤티 가재울뉴타운,192777.199694959,452775.826967308,폐업,2021-03-03,2024-08-16,6
3130000-104-2021-00105,매머드 익스프레스 공덕동점,195782.167947617,449467.125357845,폐업,2021-04-19,2023-07-28,11
3100000-104-2021-00052,더벤티 공릉점,206866.87217523,458348.842060988,폐업,2021-03-25,2025-04-09,10
3000000-104-2021-00028,COMPOSE COFFEE 대학로점,199928.952213972,453421.12199907,폐업,2021-02-25,2021-07-09,7
3230000-104-2021-00048,컴포즈 잠실새내점,207415.71645114,445380.688101855,폐업,2021-02-16,2021-12-13,4
3140000-104-2021-00058,더 벤티 목동 하이스트점,188381.41808726,446977.772633513,폐업,2021-03-31,2025-04-07,7
3230000-104-2021-00091,매머드 익스프레스 방이시장점,209978.655449734,445545.759644926,폐업,2021-03-26,2024-03-22,8
3100000-104-2021-00048,감성커피 노원역점,205390.285338416,461626.244911047,폐업,2021-03-19,2023-03-27,15
3090000-104-2013-00035,(주)이디야 도봉구청점,203953.833720651,462675.950480622,폐업,2013-07-04,2022-11-08,9
3090000-104-2012-00009,이디야창동중앙점,204023.562241856,461147.294725779,폐업,2012-03-08,2023-02-21,13
3100000-104-2017-00069,이디야노원중앙점,205852.148485642,461611.262019543,폐업,2017-04-04,2025-03-31,10
3100000-104-2007-00046,이디야은행사거리점,206793.654960991,460899.837225908,폐업,2007-10-05,2023-05-26,9
3240000-104-2015-00186,빽다방 둔촌동역점,211863.996107162,447092.251026265,폐업,2015-11-09,2024-01-16,6
3040000-104-2016-00248,매머드익스프레스건대역점,205970.711970786,448777.128518132,폐업,2016-11-28,2019-08-30,10
3100000-104-2012-00122,이디야원자력병원점,206948.010916259,458283.894144704,폐업,2012-10-29,2022-10-07,10
3090000-104-2015-00029,이디야(도봉중앙점),203888.163049788,464649.181808576,폐업,2015-04-15,2025-03-31,6
3100000-104-2016-00185,이디야중계중앙점,206324.595951422,461091.913391026,폐업,2016-10-11,2023-12-14,7
3130000-104-2010-00139,이디야 홍대점,193187.802952358,450172.178899424,폐업,2010-08-31,2022-09-05,14
3220000-104-2008-00105,이디야양재스타클래스점,203092.721986278,442550.634567769,폐업,2008-06-02,2019-04-19,4
3220000-104-2017-00397,만랩커피 역삼래미안점,204355.979016493,443924.280688408,폐업,2017-06-12,2024-10-07,13
3160000-104-2012-00109,이디야 구로중앙점,190381.458298972,443104.16011184,폐업,2012-10-08,2024-05-29,10
3220000-104-2011-00451,이디야커피 수서역점,209052.072465426,442797.138150563,폐업,2011-10-28,2024-07-11,8
3130000-104-2011-00083,이디야마포Kcc점,195729.493881417,448955.17308073,폐업,2011-04-15,2018-06-26,6
3220000-104-2009-00267,이디야 역삼상록점,203823.179945571,444690.596663013,폐업,2009-09-16,2024-02-13,16
3220000-104-2014-00516,이디야커피 대치은마사거리점,205336.355,443934.37,폐업,2014-11-27,2018-09-28,5
3220000-104-2018-00271,이디야커피(2018서울머니쇼),205130.591678902,445590.096837802,폐업,2018-04-19,2018-05-14,5
3220000-104-2018-00456,매머드익스프레스 선릉한신점,204044.789948927,444529.84042741,폐업,2018-06-26,2025-01-09,19
3220000-104-2013-00022,이디야 압구정점,202309.08215143,446951.990133931,폐업,2013-01-22,2023-06-07,5
3130000-104-2012-00185,이디야광흥창역,193905.437192262,449372.496499689,폐업,2012-09-26,2024-06-12,5
3220000-104-2017-00344,(주)매머드커피랩,205130.591678902,445590.096837802,폐업,2017-05-17,2017-06-12,4
3130000-104-2009-00115,이디야커피서강대점,194391.608674023,449939.26799234,폐업,2009-08-14,2023-04-24,6
3130000-104-2012-00016,이디야,195900.709427813,449728.629171661,폐업,2012-01-09,2022-06-16,6
3220000-104-2017-00388,이디야커피 신사점,201851.18,446049.025,폐업,2017-06-07,2024-06-04,7
3220000-104-2017-00518,이디야 대치역점,205375.927567659,443549.378583141,폐업,2017-08-02,2021-06-07,3
3160000-104-2013-00045,이디야커피 개봉중앙점,187096.24088837,442707.912976121,폐업,2013-06-10,2024-05-01,3
3130000-104-2010-00050,이디야,194224.210759149,450250.907145243,폐업,2010-04-30,2025-01-02,14
3130000-104-2007-00125,이디야커피전문점,190250.875091908,453017.867202928,폐업,2007-12-14,2025-04-25,15
3220000-104-2017-00243,이디야강남세곡점,208859.48,440518.109999999,폐업,2017-04-24,2023-05-18,3
3050000-104-2015-00148,빽다방 외대역점,205420.589934149,454834.765822856,폐업,2015-10-30,2023-01-30,4
3220000-104-2014-00120,이디야 역삼초교점,202746.040061587,443281.216979897,폐업,2014-04-10,2021-05-10,9
3220000-104-2015-00286,커피에반하다(한티역점),204548.107828043,444115.032675106,폐업,2015-07-23,2017-08-30,10
3220000-104-2017-00131,이디야 선정릉역점,203702.477207367,445271.241490281,폐업,2017-03-06,2023-08-25,5
3050000-104-2018-00050,커피에반하다,205423.969491537,451556.210578255,폐업,2018-03-29,2024-07-01,7
3220000-104-2015-00069,이디야커피,204424.696602366,444593.605336523,폐업,2015-03-02,2022-07-21,15
3220000-104-2015-00367,컴포즈커피 대치학원가점,205271.870934962,444100.854765157,폐업,2015-09-09,2021-09-14,7
3220000-104-2018-00334,매머드익스프레스논현 원앤원점25호,201930.83505439,445229.33220481,폐업,2018-05-04,2020-01-22,9
3220000-104-2017-00669,매머드커피 역삼GFC점 (125호),203207.24444991,444098.380981066,폐업,2017-09-21,2021-10-25,8
3220000-104-2011-00266,이디야 강남역지하상가점,203319.729227626,444338.162235023,폐업,2011-06-27,2020-08-20,10
3220000-104-2018-00228,빽다방 신사역점,201920.892754323,446392.504392579,폐업,2018-04-04,2022-01-26,4
3220000-104-2012-00131,이디야커피,204177.159918122,444853.134892354,폐업,2012-04-10,2024-02-20,16
3220000-104-2002-00202,이디야에스프레소,202271.694937929,444339.880973826,폐업,2002-10-01,2018-05-09,9
3220000-104-2006-00224,이디야(건설회관점),202946.808393471,446125.174367897,폐업,2006-12-20,2025-04-01,8
3220000-104-2011-00208,이디야커피,204828.002550249,444777.618635215,폐업,2011-05-16,2022-04-07,12
3220000-104-2004-00006,빽다방 논현지점,202056.105851493,444977.96960847,폐업,2004-01-14,2017-08-24,6
3220000-104-2011-00280,이디야커피,204347.745505813,444556.198086989,폐업,2011-07-04,2022-01-27,16
3160000-104-2018-00045,커피에반하다 구로개봉점,187416.31554783,443329.143116487,폐업,2018-04-11,2024-06-28,11
3160000-104-2017-00041,커피에반하다 구로디지털단지점,190880.117362333,442204.788273087,폐업,2017-03-13,2022-10-17,13
3160000-104-2017-00074,이디야 고대병원구로점,189611.660798297,443380.493084138,폐업,2017-05-18,2023-07-19,3
3160000-104-2015-00146,감성커피,190005.132500398,445250.538868558,폐업,2015-12-28,2024-12-02,11
3160000-104-2015-00052,컴포즈커피(compose coffee) 구로디지털2호점,190447.24866829,442558.310755613,폐업,2015-05-12,2024-10-21,23
3130000-104-2002-00008,이디야공덕점,195873.178423723,449351.242491119,폐업,2002-01-14,2024-07-09,11
3050000-104-2013-00014,이디야커피(답십리역점),204468.998618777,451783.297252042,폐업,2013-02-27,2023-04-28,7
3050000-104-2011-00019,이디야커피점,205821.493944261,451425.917121025,폐업,2011-03-14,2025-01-02,11
3050000-104-2011-00009,이디야 신설동역점,202165.405300438,452692.783720081,폐업,2011-02-15,2018-03-13,7
3050000-104-2009-00094,이디야 커피(이마트이문점),205396.363734301,455131.683241064,폐업,2009-12-10,2016-03-08,5
3130000-104-2016-00286,매머드익스프레스 상암DDMC점,190471.090857691,452911.904225602,폐업,2016-08-22,2025-02-27,15
3130000-104-2016-00297,커피에반하다(마포망원점),191573.169013313,450188.990292425,폐업,2016-08-30,2019-11-21,3
3220000-104-2016-00694,더벤티 삼성점,204966.354961328,445068.052135831,폐업,2016-10-19,2017-12-27,9
3220000-104-2016-00084,이디야,204950.322100627,445467.002723074,폐업,2016-02-23,2019-08-14,4
3050000-104-2013-00024,이디야커피전농뉴타운점,204313.869527831,452538.14193671,폐업,2013-03-25,2023-10-13,3
3050000-104-2007-00013,이디야회기역점,205310.579775544,454183.35022373,폐업,2007-04-17,2024-01-05,6
3220000-104-2016-00580,(주)매머드커피랩,205130.591678902,445590.096837802,폐업,2016-09-05,2016-09-09,4
3050000-104-2013-00097,이디야커피답십리사거리점,204974.071407858,452260.622710941,폐업,2013-10-14,2021-07-23,3
3050000-104-2010-00119,이디야 외대대학원점,205114.830839822,455013.644655621,폐업,2010-08-25,2017-09-19,5
3220000-104-2016-00287,(주)매머드커피랩,205130.591678902,445590.096837802,폐업,2016-05-10,2016-06-03,4
3050000-104-2009-00051,커피에반하다 시립대점,204664.68148579,453517.113806252,폐업,2009-06-04,2020-12-03,3
3160000-104-2007-00054,이디야(구로에이스 지점),190688.747501289,442618.785745098,폐업,2007-10-12,2024-05-13,21
3130000-104-2007-00041,이디야마포데시앙점,195322.033365468,448969.110547126,폐업,2007-05-15,2024-01-22,22
3220000-104-2009-00210,이디야역삼스타점,203367.398474254,443765.970229336,폐업,2009-08-03,2017-08-29,2
3160000-104-2013-00031,이디야 구로디지털점,190310.335979497,442687.462340966,폐업,2013-04-24,2022-06-16,14
3240000-104-2017-00235,이디야커피 고덕래미안힐스점,212926.089912845,450751.524331915,폐업,2017-12-26,2023-05-30,3
3130000-104-2007-00007,이디야홍대중앙점,192937.426138742,450226.210530626,폐업,2007-01-22,2024-01-08,15
3050000-104-2006-00008,이디야,205341.673793045,454835.667578621,폐업,2006-02-22,2024-01-11,6
3150000-104-2018-00257,매머드익스프레스 우림블루나인(38호),187952.560027898,450562.020225978,폐업,2018-10-15,2020-12-30,4
3220000-104-2018-00705,감성커피(드링크타운),205130.591678902,445590.096837802,폐업,2018-10-08,2018-10-22,5
3170000-104-2022-00080,컴포즈커피 가산에이스태세라점,189551.828842866,441176.227446057,폐업,2022-08-24,2024-09-09,11
3160000-104-2011-00031,이디야(구로구청점),190099.217394597,443743.18319767,폐업,2011-04-11,2020-02-06,4
3160000-104-2014-00118,이디야 오류북부역점,186079.559805793,443702.009083588,폐업,2014-10-02,2025-04-23,6
3160000-104-2012-00075,이디야커피 구로코오롱점,190734.812272237,442305.230860115,폐업,2012-06-04,2021-10-01,19
3220000-104-2010-00213,(주)이디야이비에스점,204096.699106893,442714.510779264,폐업,2010-06-23,2017-07-04,2
3160000-104-2014-00129,이디야커피 구로AK점,189556.142460589,444208.154113814,폐업,2014-10-31,2021-10-25,4
3160000-104-2015-00017,이디야메르디앙고척점,187829.384737496,444534.727394834,폐업,2015-02-12,2023-12-28,8
3160000-104-2014-00055,이디야 오류남부점,186111.767660472,443399.922577307,폐업,2014-05-23,2024-10-07,7
3130000-104-2014-00287,이디야,193716.268830546,450209.141627082,폐업,2014-12-16,2019-12-27,6
3160000-104-2014-00136,이디야(천왕이펜하우스점),185713.902047377,442103.411241111,폐업,2014-11-19,2025-03-06,3
3160000-104-2014-00095,이디야커피 구일역점,188611.564007526,443658.176253167,폐업,2014-08-14,2024-11-05,6
3130000-104-2013-00206,마포연남점빽다방,192995.184011986,450856.32509988,폐업,2013-12-04,2019-02-22,8
3130000-104-2013-00088,이디야커피(마포구청점),191337.868996616,451395.153092798,폐업,2013-06-07,2024-12-23,5
3160000-104-2016-00147,개봉북부역점 이디야커피,187468.900421511,443794.942617374,폐업,2016-08-29,2022-04-27,11
3130000-104-2012-00208,이디야,192993.204599803,450066.061220308,폐업,2012-11-02,2024-04-17,16
3130000-104-2017-00340,이디야커피 대흥역점,194836.504277697,449466.445375841,폐업,2017-09-13,2023-08-11,7
3130000-104-2014-00258,빽다방마포용강점,194916.669239951,448630.7413931,폐업,2014-11-10,2020-04-28,5
3130000-104-2017-00293,커피에반하다(마포상암점),190125.564768858,453090.149821248,폐업,2017-08-11,2018-02-28,12
3130000-104-2017-00249,커피에반하다마포공덕점,195900.709427813,449728.629171661,폐업,2017-07-03,2020-10-06,6
3160000-104-2019-00004,감성커피 천왕역환승센터점,185670.856801526,442732.976383067,폐업,2019-01-03,2024-09-26,4
3130000-104-2018-00379,커피에반하다 서강대점,194391.759338889,449915.850101405,폐업,2018-11-13,2020-02-04,6
3200000-104-2018-00207,커피에반하다 녹두거리점,194243.0083911,440767.696969608,폐업,2018-12-21,2022-09-08,9
3170000-104-2018-00144,만랩커피 가산우림라이온스점,189538.020935968,441982.427934953,폐업,2018-11-12,2021-10-14,25
3000000-104-2020-00156,매머드 익스프레스(연건동점),200099.032850302,452925.449270507,폐업,2020-11-27,2022-12-07,6
3160000-104-2020-00197,이디야커피 구로하버라인점,184394.439329436,442081.173738885,폐업,2020-12-14,2025-03-06,4
3240000-104-2021-00012,더벤티,211835.981249432,447143.431610694,폐업,2021-01-13,2024-01-23,6
3210000-104-2020-00312,만랩커피 서초법원점,201146.11709612,443615.16482653,폐업,2020-11-23,2022-10-31,10
3170000-104-2020-00127,이디야 에이스가산포휴점,189202.181652324,442562.722742062,폐업,2020-12-01,2023-07-11,9
3130000-104-2021-00021,매머드익스프레스 애오개역점,196103.712647329,450210.483409116,폐업,2021-02-03,2025-01-02,9
3150000-104-2021-00021,이디야 마곡디엠시티점,185827.239418328,451790.699502971,폐업,2021-01-26,2023-02-01,5
3220000-104-2022-00257,컴포즈커피 개포중앙점,206618.425209149,443390.560639694,폐업,2022-05-24,2024-06-03,5
3100000-104-2022-00073,매머드 익스프레스 태릉입구역점,206659.562560773,457357.219230872,폐업,2022-06-02,2025-01-08,9
3020000-104-2022-00059,이디야커피 이태원역점,199349.790762812,447999.806798101,폐업,2022-05-10,2024-12-27,6
3000000-104-2022-00067,메가엠지씨커피 종로점,199144.220972233,451977.335977568,폐업,2022-05-11,2024-09-25,19
3120000-104-2022-00101,빽다방 빵연구소 연세대SK국제학사점,194584.959249312,451381.585492051,폐업,2022-06-21,2023-02-28,6
3140000-104-2023-00286,더벤티(the Venti) 목동깨비시장점,187946.743092468,449577.791547018,폐업,2023-11-24,2024-01-03,11
